Date,SessionID,ConsultantID,Attendance
2024-01-01,d91953a5,1,Yes
2024-01-01,d91953a5,2,Yes
2024-01-01,d91953a5,3,Yes
2024-01-01,d91953a5,4,Yes
2024-01-01,d91953a5,5,Yes
2024-01-01,d91953a5,6,Yes
2024-01-01,d91953a5,7,No
2024-01-01,d91953a5,8,Yes
2024-01-01,d91953a5,9,Yes
2024-01-01,d91953a5,10,Yes
2024-01-01,d91953a5,11,No
2024-01-01,d91953a5,12,No
2024-01-01,d91953a5,13,No
2024-01-01,d91953a5,14,Yes
2024-01-01,d91953a5,15,No
2024-01-01,d91953a5,16,No
2024-01-01,d91953a5,17,No
2024-01-01,d91953a5,18,No
2024-01-01,d91953a5,19,No
2024-01-01,d91953a5,20,Yes
2024-01-01,d91953a5,21,No
2024-01-01,d91953a5,22,Yes
2024-01-01,d91953a5,23,No
2024-01-01,d91953a5,24,No
2024-01-01,d91953a5,25,No
2024-01-01,d91953a5,26,No
2024-01-01,d91953a5,27,Yes
2024-01-01,d91953a5,28,Yes
2024-01-01,d91953a5,29,No
2024-01-01,d91953a5,30,No
2024-01-01,d91953a5,31,Yes
2024-01-01,d91953a5,32,Yes
2024-01-01,d91953a5,33,No
2024-01-01,d91953a5,34,Yes
2024-01-01,d91953a5,35,Yes
2024-01-01,d91953a5,36,Yes
2024-01-01,d91953a5,37,No
2024-01-01,d91953a5,38,No
2024-01-01,d91953a5,39,No
2024-01-01,d91953a5,40,Yes
2024-01-01,d91953a5,41,Yes
2024-01-01,d91953a5,42,No
2024-01-01,d91953a5,43,Yes
2024-01-01,d91953a5,44,No
2024-01-01,d91953a5,45,No
2024-01-01,d91953a5,46,No
2024-01-01,d91953a5,47,Yes
2024-01-01,d91953a5,48,No
2024-01-01,d91953a5,49,No
2024-01-01,d91953a5,50,No
2024-01-08,c29843fd,1,Yes
2024-01-08,c29843fd,2,No
2024-01-08,c29843fd,3,Yes
2024-01-08,c29843fd,4,No
2024-01-08,c29843fd,5,No
2024-01-08,c29843fd,6,No
2024-01-08,c29843fd,7,No
2024-01-08,c29843fd,8,Yes
2024-01-08,c29843fd,9,No
2024-01-08,c29843fd,10,Yes
2024-01-08,c29843fd,11,Yes
2024-01-08,c29843fd,12,Yes
2024-01-08,c29843fd,13,Yes
2024-01-08,c29843fd,14,No
2024-01-08,c29843fd,15,No
2024-01-08,c29843fd,16,Yes
2024-01-08,c29843fd,17,Yes
2024-01-08,c29843fd,18,No
2024-01-08,c29843fd,19,No
2024-01-08,c29843fd,20,No
2024-01-08,c29843fd,21,Yes
2024-01-08,c29843fd,22,No
2024-01-08,c29843fd,23,No
2024-01-08,c29843fd,24,No
2024-01-08,c29843fd,25,Yes
2024-01-08,c29843fd,26,No
2024-01-08,c29843fd,27,No
2024-01-08,c29843fd,28,Yes
2024-01-08,c29843fd,29,No
2024-01-08,c29843fd,30,Yes
2024-01-08,c29843fd,31,No
2024-01-08,c29843fd,32,No
2024-01-08,c29843fd,33,Yes
2024-01-08,c29843fd,34,Yes
2024-01-08,c29843fd,35,Yes
2024-01-08,c29843fd,36,Yes
2024-01-08,c29843fd,37,Yes
2024-01-08,c29843fd,38,No
2024-01-08,c29843fd,39,No
2024-01-08,c29843fd,40,Yes
2024-01-08,c29843fd,41,Yes
2024-01-08,c29843fd,42,No
2024-01-08,c29843fd,43,No
2024-01-08,c29843fd,44,No
2024-01-08,c29843fd,45,Yes
2024-01-08,c29843fd,46,Yes
2024-01-08,c29843fd,47,Yes
2024-01-08,c29843fd,48,Yes
2024-01-08,c29843fd,49,Yes
2024-01-08,c29843fd,50,No
2024-01-15,487aa2a5,1,No
2024-01-15,487aa2a5,2,Yes
2024-01-15,487aa2a5,3,Yes
2024-01-15,487aa2a5,4,Yes
2024-01-15,487aa2a5,5,No
2024-01-15,487aa2a5,6,Yes
2024-01-15,487aa2a5,7,No
2024-01-15,487aa2a5,8,No
2024-01-15,487aa2a5,9,No
2024-01-15,487aa2a5,10,No
2024-01-15,487aa2a5,11,Yes
2024-01-15,487aa2a5,12,No
2024-01-15,487aa2a5,13,Yes
2024-01-15,487aa2a5,14,Yes
2024-01-15,487aa2a5,15,No
2024-01-15,487aa2a5,16,Yes
2024-01-15,487aa2a5,17,No
2024-01-15,487aa2a5,18,No
2024-01-15,487aa2a5,19,Yes
2024-01-15,487aa2a5,20,No
2024-01-15,487aa2a5,21,No
2024-01-15,487aa2a5,22,No
2024-01-15,487aa2a5,23,No
2024-01-15,487aa2a5,24,Yes
2024-01-15,487aa2a5,25,No
2024-01-15,487aa2a5,26,Yes
2024-01-15,487aa2a5,27,No
2024-01-15,487aa2a5,28,No
2024-01-15,487aa2a5,29,No
2024-01-15,487aa2a5,30,Yes
2024-01-15,487aa2a5,31,No
2024-01-15,487aa2a5,32,No
2024-01-15,487aa2a5,33,Yes
2024-01-15,487aa2a5,34,Yes
2024-01-15,487aa2a5,35,Yes
2024-01-15,487aa2a5,36,No
2024-01-15,487aa2a5,37,Yes
2024-01-15,487aa2a5,38,No
2024-01-15,487aa2a5,39,Yes
2024-01-15,487aa2a5,40,No
2024-01-15,487aa2a5,41,Yes
2024-01-15,487aa2a5,42,No
2024-01-15,487aa2a5,43,No
2024-01-15,487aa2a5,44,Yes
2024-01-15,487aa2a5,45,Yes
2024-01-15,487aa2a5,46,No
2024-01-15,487aa2a5,47,No
2024-01-15,487aa2a5,48,Yes
2024-01-15,487aa2a5,49,No
2024-01-15,487aa2a5,50,Yes
2024-01-22,90c54a5b,1,Yes
2024-01-22,90c54a5b,2,No
2024-01-22,90c54a5b,3,No
2024-01-22,90c54a5b,4,Yes
2024-01-22,90c54a5b,5,Yes
2024-01-22,90c54a5b,6,Yes
2024-01-22,90c54a5b,7,Yes
2024-01-22,90c54a5b,8,Yes
2024-01-22,90c54a5b,9,Yes
2024-01-22,90c54a5b,10,Yes
2024-01-22,90c54a5b,11,Yes
2024-01-22,90c54a5b,12,No
2024-01-22,90c54a5b,13,No
2024-01-22,90c54a5b,14,Yes
2024-01-22,90c54a5b,15,No
2024-01-22,90c54a5b,16,No
2024-01-22,90c54a5b,17,No
2024-01-22,90c54a5b,18,Yes
2024-01-22,90c54a5b,19,Yes
2024-01-22,90c54a5b,20,Yes
2024-01-22,90c54a5b,21,Yes
2024-01-22,90c54a5b,22,Yes
2024-01-22,90c54a5b,23,Yes
2024-01-22,90c54a5b,24,Yes
2024-01-22,90c54a5b,25,No
2024-01-22,90c54a5b,26,No
2024-01-22,90c54a5b,27,No
2024-01-22,90c54a5b,28,No
2024-01-22,90c54a5b,29,No
2024-01-22,90c54a5b,30,Yes
2024-01-22,90c54a5b,31,Yes
2024-01-22,90c54a5b,32,Yes
2024-01-22,90c54a5b,33,Yes
2024-01-22,90c54a5b,34,Yes
2024-01-22,90c54a5b,35,Yes
2024-01-22,90c54a5b,36,No
2024-01-22,90c54a5b,37,No
2024-01-22,90c54a5b,38,Yes
2024-01-22,90c54a5b,39,No
2024-01-22,90c54a5b,40,No
2024-01-22,90c54a5b,41,No
2024-01-22,90c54a5b,42,No
2024-01-22,90c54a5b,43,No
2024-01-22,90c54a5b,44,No
2024-01-22,90c54a5b,45,No
2024-01-22,90c54a5b,46,Yes
2024-01-22,90c54a5b,47,No
2024-01-22,90c54a5b,48,No
2024-01-22,90c54a5b,49,No
2024-01-22,90c54a5b,50,No
2024-01-29,97a652a6,1,No
2024-01-29,97a652a6,2,No
2024-01-29,97a652a6,3,No
2024-01-29,97a652a6,4,Yes
2024-01-29,97a652a6,5,No
2024-01-29,97a652a6,6,No
2024-01-29,97a652a6,7,No
2024-01-29,97a652a6,8,No
2024-01-29,97a652a6,9,No
2024-01-29,97a652a6,10,No
2024-01-29,97a652a6,11,Yes
2024-01-29,97a652a6,12,Yes
2024-01-29,97a652a6,13,Yes
2024-01-29,97a652a6,14,No
2024-01-29,97a652a6,15,Yes
2024-01-29,97a652a6,16,Yes
2024-01-29,97a652a6,17,No
2024-01-29,97a652a6,18,No
2024-01-29,97a652a6,19,Yes
2024-01-29,97a652a6,20,No
2024-01-29,97a652a6,21,Yes
2024-01-29,97a652a6,22,No
2024-01-29,97a652a6,23,No
2024-01-29,97a652a6,24,No
2024-01-29,97a652a6,25,Yes
2024-01-29,97a652a6,26,Yes
2024-01-29,97a652a6,27,Yes
2024-01-29,97a652a6,28,No
2024-01-29,97a652a6,29,No
2024-01-29,97a652a6,30,No
2024-01-29,97a652a6,31,Yes
2024-01-29,97a652a6,32,No
2024-01-29,97a652a6,33,Yes
2024-01-29,97a652a6,34,No
2024-01-29,97a652a6,35,No
2024-01-29,97a652a6,36,Yes
2024-01-29,97a652a6,37,No
2024-01-29,97a652a6,38,Yes
2024-01-29,97a652a6,39,No
2024-01-29,97a652a6,40,No
2024-01-29,97a652a6,41,Yes
2024-01-29,97a652a6,42,Yes
2024-01-29,97a652a6,43,No
2024-01-29,97a652a6,44,No
2024-01-29,97a652a6,45,No
2024-01-29,97a652a6,46,Yes
2024-01-29,97a652a6,47,No
2024-01-29,97a652a6,48,No
2024-01-29,97a652a6,49,Yes
2024-01-29,97a652a6,50,No
2024-02-05,3daa35f3,1,No
2024-02-05,3daa35f3,2,No
2024-02-05,3daa35f3,3,No
2024-02-05,3daa35f3,4,No
2024-02-05,3daa35f3,5,No
2024-02-05,3daa35f3,6,Yes
2024-02-05,3daa35f3,7,Yes
2024-02-05,3daa35f3,8,Yes
2024-02-05,3daa35f3,9,No
2024-02-05,3daa35f3,10,Yes
2024-02-05,3daa35f3,11,No
2024-02-05,3daa35f3,12,Yes
2024-02-05,3daa35f3,13,Yes
2024-02-05,3daa35f3,14,No
2024-02-05,3daa35f3,15,No
2024-02-05,3daa35f3,16,No
2024-02-05,3daa35f3,17,Yes
2024-02-05,3daa35f3,18,No
2024-02-05,3daa35f3,19,Yes
2024-02-05,3daa35f3,20,No
2024-02-05,3daa35f3,21,Yes
2024-02-05,3daa35f3,22,No
2024-02-05,3daa35f3,23,No
2024-02-05,3daa35f3,24,No
2024-02-05,3daa35f3,25,Yes
2024-02-05,3daa35f3,26,No
2024-02-05,3daa35f3,27,Yes
2024-02-05,3daa35f3,28,No
2024-02-05,3daa35f3,29,Yes
2024-02-05,3daa35f3,30,No
2024-02-05,3daa35f3,31,No
2024-02-05,3daa35f3,32,Yes
2024-02-05,3daa35f3,33,Yes
2024-02-05,3daa35f3,34,Yes
2024-02-05,3daa35f3,35,No
2024-02-05,3daa35f3,36,No
2024-02-05,3daa35f3,37,Yes
2024-02-05,3daa35f3,38,Yes
2024-02-05,3daa35f3,39,No
2024-02-05,3daa35f3,40,No
2024-02-05,3daa35f3,41,Yes
2024-02-05,3daa35f3,42,No
2024-02-05,3daa35f3,43,No
2024-02-05,3daa35f3,44,Yes
2024-02-05,3daa35f3,45,Yes
2024-02-05,3daa35f3,46,Yes
2024-02-05,3daa35f3,47,Yes
2024-02-05,3daa35f3,48,Yes
2024-02-05,3daa35f3,49,Yes
2024-02-05,3daa35f3,50,No
2024-02-12,ef0299f5,1,Yes
2024-02-12,ef0299f5,2,Yes
2024-02-12,ef0299f5,3,Yes
2024-02-12,ef0299f5,4,Yes
2024-02-12,ef0299f5,5,Yes
2024-02-12,ef0299f5,6,No
2024-02-12,ef0299f5,7,Yes
2024-02-12,ef0299f5,8,No
2024-02-12,ef0299f5,9,No
2024-02-12,ef0299f5,10,No
2024-02-12,ef0299f5,11,No
2024-02-12,ef0299f5,12,Yes
2024-02-12,ef0299f5,13,No
2024-02-12,ef0299f5,14,Yes
2024-02-12,ef0299f5,15,Yes
2024-02-12,ef0299f5,16,No
2024-02-12,ef0299f5,17,No
2024-02-12,ef0299f5,18,Yes
2024-02-12,ef0299f5,19,Yes
2024-02-12,ef0299f5,20,Yes
2024-02-12,ef0299f5,21,Yes
2024-02-12,ef0299f5,22,Yes
2024-02-12,ef0299f5,23,Yes
2024-02-12,ef0299f5,24,No
2024-02-12,ef0299f5,25,Yes
2024-02-12,ef0299f5,26,Yes
2024-02-12,ef0299f5,27,Yes
2024-02-12,ef0299f5,28,Yes
2024-02-12,ef0299f5,29,Yes
2024-02-12,ef0299f5,30,Yes
2024-02-12,ef0299f5,31,No
2024-02-12,ef0299f5,32,No
2024-02-12,ef0299f5,33,No
2024-02-12,ef0299f5,34,No
2024-02-12,ef0299f5,35,Yes
2024-02-12,ef0299f5,36,Yes
2024-02-12,ef0299f5,37,No
2024-02-12,ef0299f5,38,Yes
2024-02-12,ef0299f5,39,No
2024-02-12,ef0299f5,40,Yes
2024-02-12,ef0299f5,41,No
2024-02-12,ef0299f5,42,No
2024-02-12,ef0299f5,43,No
2024-02-12,ef0299f5,44,Yes
2024-02-12,ef0299f5,45,Yes
2024-02-12,ef0299f5,46,No
2024-02-12,ef0299f5,47,Yes
2024-02-12,ef0299f5,48,Yes
2024-02-12,ef0299f5,49,No
2024-02-12,ef0299f5,50,Yes
2024-02-19,2fa8b29a,1,Yes
2024-02-19,2fa8b29a,2,Yes
2024-02-19,2fa8b29a,3,No
2024-02-19,2fa8b29a,4,No
2024-02-19,2fa8b29a,5,No
2024-02-19,2fa8b29a,6,Yes
2024-02-19,2fa8b29a,7,Yes
2024-02-19,2fa8b29a,8,No
2024-02-19,2fa8b29a,9,No
2024-02-19,2fa8b29a,10,No
2024-02-19,2fa8b29a,11,Yes
2024-02-19,2fa8b29a,12,Yes
2024-02-19,2fa8b29a,13,Yes
2024-02-19,2fa8b29a,14,No
2024-02-19,2fa8b29a,15,Yes
2024-02-19,2fa8b29a,16,No
2024-02-19,2fa8b29a,17,No
2024-02-19,2fa8b29a,18,No
2024-02-19,2fa8b29a,19,Yes
2024-02-19,2fa8b29a,20,No
2024-02-19,2fa8b29a,21,Yes
2024-02-19,2fa8b29a,22,Yes
2024-02-19,2fa8b29a,23,Yes
2024-02-19,2fa8b29a,24,Yes
2024-02-19,2fa8b29a,25,Yes
2024-02-19,2fa8b29a,26,Yes
2024-02-19,2fa8b29a,27,No
2024-02-19,2fa8b29a,28,Yes
2024-02-19,2fa8b29a,29,Yes
2024-02-19,2fa8b29a,30,Yes
2024-02-19,2fa8b29a,31,No
2024-02-19,2fa8b29a,32,Yes
2024-02-19,2fa8b29a,33,No
2024-02-19,2fa8b29a,34,No
2024-02-19,2fa8b29a,35,No
2024-02-19,2fa8b29a,36,Yes
2024-02-19,2fa8b29a,37,No
2024-02-19,2fa8b29a,38,No
2024-02-19,2fa8b29a,39,No
2024-02-19,2fa8b29a,40,No
2024-02-19,2fa8b29a,41,No
2024-02-19,2fa8b29a,42,Yes
2024-02-19,2fa8b29a,43,No
2024-02-19,2fa8b29a,44,Yes
2024-02-19,2fa8b29a,45,Yes
2024-02-19,2fa8b29a,46,No
2024-02-19,2fa8b29a,47,Yes
2024-02-19,2fa8b29a,48,No
2024-02-19,2fa8b29a,49,No
2024-02-19,2fa8b29a,50,Yes
2024-02-26,8166aa79,1,No
2024-02-26,8166aa79,2,No
2024-02-26,8166aa79,3,No
2024-02-26,8166aa79,4,Yes
2024-02-26,8166aa79,5,Yes
2024-02-26,8166aa79,6,No
2024-02-26,8166aa79,7,Yes
2024-02-26,8166aa79,8,No
2024-02-26,8166aa79,9,No
2024-02-26,8166aa79,10,Yes
2024-02-26,8166aa79,11,No
2024-02-26,8166aa79,12,Yes
2024-02-26,8166aa79,13,No
2024-02-26,8166aa79,14,Yes
2024-02-26,8166aa79,15,Yes
2024-02-26,8166aa79,16,No
2024-02-26,8166aa79,17,Yes
2024-02-26,8166aa79,18,Yes
2024-02-26,8166aa79,19,Yes
2024-02-26,8166aa79,20,No
2024-02-26,8166aa79,21,No
2024-02-26,8166aa79,22,No
2024-02-26,8166aa79,23,No
2024-02-26,8166aa79,24,No
2024-02-26,8166aa79,25,Yes
2024-02-26,8166aa79,26,No
2024-02-26,8166aa79,27,No
2024-02-26,8166aa79,28,No
2024-02-26,8166aa79,29,Yes
2024-02-26,8166aa79,30,No
2024-02-26,8166aa79,31,Yes
2024-02-26,8166aa79,32,No
2024-02-26,8166aa79,33,No
2024-02-26,8166aa79,34,Yes
2024-02-26,8166aa79,35,Yes
2024-02-26,8166aa79,36,Yes
2024-02-26,8166aa79,37,No
2024-02-26,8166aa79,38,No
2024-02-26,8166aa79,39,No
2024-02-26,8166aa79,40,Yes
2024-02-26,8166aa79,41,Yes
2024-02-26,8166aa79,42,No
2024-02-26,8166aa79,43,Yes
2024-02-26,8166aa79,44,Yes
2024-02-26,8166aa79,45,Yes
2024-02-26,8166aa79,46,Yes
2024-02-26,8166aa79,47,No
2024-02-26,8166aa79,48,No
2024-02-26,8166aa79,49,Yes
2024-02-26,8166aa79,50,No
2024-03-04,26f72f1c,1,Yes
2024-03-04,26f72f1c,2,No
2024-03-04,26f72f1c,3,No
2024-03-04,26f72f1c,4,No
2024-03-04,26f72f1c,5,No
2024-03-04,26f72f1c,6,Yes
2024-03-04,26f72f1c,7,Yes
2024-03-04,26f72f1c,8,Yes
2024-03-04,26f72f1c,9,Yes
2024-03-04,26f72f1c,10,Yes
2024-03-04,26f72f1c,11,Yes
2024-03-04,26f72f1c,12,No
2024-03-04,26f72f1c,13,No
2024-03-04,26f72f1c,14,No
2024-03-04,26f72f1c,15,Yes
2024-03-04,26f72f1c,16,Yes
2024-03-04,26f72f1c,17,Yes
2024-03-04,26f72f1c,18,No
2024-03-04,26f72f1c,19,Yes
2024-03-04,26f72f1c,20,Yes
2024-03-04,26f72f1c,21,Yes
2024-03-04,26f72f1c,22,Yes
2024-03-04,26f72f1c,23,No
2024-03-04,26f72f1c,24,Yes
2024-03-04,26f72f1c,25,No
2024-03-04,26f72f1c,26,Yes
2024-03-04,26f72f1c,27,No
2024-03-04,26f72f1c,28,No
2024-03-04,26f72f1c,29,No
2024-03-04,26f72f1c,30,Yes
2024-03-04,26f72f1c,31,No
2024-03-04,26f72f1c,32,Yes
2024-03-04,26f72f1c,33,No
2024-03-04,26f72f1c,34,No
2024-03-04,26f72f1c,35,Yes
2024-03-04,26f72f1c,36,No
2024-03-04,26f72f1c,37,No
2024-03-04,26f72f1c,38,No
2024-03-04,26f72f1c,39,No
2024-03-04,26f72f1c,40,No
2024-03-04,26f72f1c,41,No
2024-03-04,26f72f1c,42,No
2024-03-04,26f72f1c,43,Yes
2024-03-04,26f72f1c,44,No
2024-03-04,26f72f1c,45,Yes
2024-03-04,26f72f1c,46,No
2024-03-04,26f72f1c,47,No
2024-03-04,26f72f1c,48,Yes
2024-03-04,26f72f1c,49,No
2024-03-04,26f72f1c,50,No
2024-03-11,93750292,1,Yes
2024-03-11,93750292,2,No
2024-03-11,93750292,3,Yes
2024-03-11,93750292,4,Yes
2024-03-11,93750292,5,No
2024-03-11,93750292,6,Yes
2024-03-11,93750292,7,Yes
2024-03-11,93750292,8,Yes
2024-03-11,93750292,9,No
2024-03-11,93750292,10,No
2024-03-11,93750292,11,No
2024-03-11,93750292,12,No
2024-03-11,93750292,13,Yes
2024-03-11,93750292,14,Yes
2024-03-11,93750292,15,No
2024-03-11,93750292,16,No
2024-03-11,93750292,17,Yes
2024-03-11,93750292,18,No
2024-03-11,93750292,19,Yes
2024-03-11,93750292,20,No
2024-03-11,93750292,21,No
2024-03-11,93750292,22,Yes
2024-03-11,93750292,23,Yes
2024-03-11,93750292,24,No
2024-03-11,93750292,25,No
2024-03-11,93750292,26,Yes
2024-03-11,93750292,27,No
2024-03-11,93750292,28,No
2024-03-11,93750292,29,No
2024-03-11,93750292,30,Yes
2024-03-11,93750292,31,Yes
2024-03-11,93750292,32,No
2024-03-11,93750292,33,No
2024-03-11,93750292,34,Yes
2024-03-11,93750292,35,Yes
2024-03-11,93750292,36,No
2024-03-11,93750292,37,Yes
2024-03-11,93750292,38,Yes
2024-03-11,93750292,39,No
2024-03-11,93750292,40,No
2024-03-11,93750292,41,Yes
2024-03-11,93750292,42,No
2024-03-11,93750292,43,Yes
2024-03-11,93750292,44,Yes
2024-03-11,93750292,45,Yes
2024-03-11,93750292,46,Yes
2024-03-11,93750292,47,No
2024-03-11,93750292,48,Yes
2024-03-11,93750292,49,No
2024-03-11,93750292,50,Yes
2024-03-18,8270e295,1,Yes
2024-03-18,8270e295,2,Yes
2024-03-18,8270e295,3,No
2024-03-18,8270e295,4,Yes
2024-03-18,8270e295,5,No
2024-03-18,8270e295,6,No
2024-03-18,8270e295,7,Yes
2024-03-18,8270e295,8,Yes
2024-03-18,8270e295,9,No
2024-03-18,8270e295,10,Yes
2024-03-18,8270e295,11,Yes
2024-03-18,8270e295,12,No
2024-03-18,8270e295,13,Yes
2024-03-18,8270e295,14,No
2024-03-18,8270e295,15,No
2024-03-18,8270e295,16,No
2024-03-18,8270e295,17,Yes
2024-03-18,8270e295,18,Yes
2024-03-18,8270e295,19,No
2024-03-18,8270e295,20,No
2024-03-18,8270e295,21,Yes
2024-03-18,8270e295,22,No
2024-03-18,8270e295,23,No
2024-03-18,8270e295,24,Yes
2024-03-18,8270e295,25,No
2024-03-18,8270e295,26,No
2024-03-18,8270e295,27,No
2024-03-18,8270e295,28,No
2024-03-18,8270e295,29,No
2024-03-18,8270e295,30,No
2024-03-18,8270e295,31,No
2024-03-18,8270e295,32,Yes
2024-03-18,8270e295,33,No
2024-03-18,8270e295,34,No
2024-03-18,8270e295,35,Yes
2024-03-18,8270e295,36,No
2024-03-18,8270e295,37,No
2024-03-18,8270e295,38,Yes
2024-03-18,8270e295,39,Yes
2024-03-18,8270e295,40,No
2024-03-18,8270e295,41,Yes
2024-03-18,8270e295,42,Yes
2024-03-18,8270e295,43,Yes
2024-03-18,8270e295,44,No
2024-03-18,8270e295,45,No
2024-03-18,8270e295,46,No
2024-03-18,8270e295,47,No
2024-03-18,8270e295,48,No
2024-03-18,8270e295,49,Yes
2024-03-18,8270e295,50,Yes
2024-03-25,da18f314,1,No
2024-03-25,da18f314,2,Yes
2024-03-25,da18f314,3,No
2024-03-25,da18f314,4,Yes
2024-03-25,da18f314,5,No
2024-03-25,da18f314,6,No
2024-03-25,da18f314,7,Yes
2024-03-25,da18f314,8,No
2024-03-25,da18f314,9,No
2024-03-25,da18f314,10,No
2024-03-25,da18f314,11,No
2024-03-25,da18f314,12,Yes
2024-03-25,da18f314,13,Yes
2024-03-25,da18f314,14,No
2024-03-25,da18f314,15,No
2024-03-25,da18f314,16,Yes
2024-03-25,da18f314,17,Yes
2024-03-25,da18f314,18,No
2024-03-25,da18f314,19,Yes
2024-03-25,da18f314,20,No
2024-03-25,da18f314,21,Yes
2024-03-25,da18f314,22,No
2024-03-25,da18f314,23,No
2024-03-25,da18f314,24,No
2024-03-25,da18f314,25,Yes
2024-03-25,da18f314,26,Yes
2024-03-25,da18f314,27,No
2024-03-25,da18f314,28,Yes
2024-03-25,da18f314,29,Yes
2024-03-25,da18f314,30,No
2024-03-25,da18f314,31,No
2024-03-25,da18f314,32,No
2024-03-25,da18f314,33,Yes
2024-03-25,da18f314,34,Yes
2024-03-25,da18f314,35,Yes
2024-03-25,da18f314,36,No
2024-03-25,da18f314,37,Yes
2024-03-25,da18f314,38,Yes
2024-03-25,da18f314,39,Yes
2024-03-25,da18f314,40,No
2024-03-25,da18f314,41,No
2024-03-25,da18f314,42,No
2024-03-25,da18f314,43,No
2024-03-25,da18f314,44,Yes
2024-03-25,da18f314,45,Yes
2024-03-25,da18f314,46,No
2024-03-25,da18f314,47,No
2024-03-25,da18f314,48,Yes
2024-03-25,da18f314,49,Yes
2024-03-25,da18f314,50,No
2024-04-01,5bb3279b,1,Yes
2024-04-01,5bb3279b,2,No
2024-04-01,5bb3279b,3,Yes
2024-04-01,5bb3279b,4,Yes
2024-04-01,5bb3279b,5,No
2024-04-01,5bb3279b,6,Yes
2024-04-01,5bb3279b,7,Yes
2024-04-01,5bb3279b,8,No
2024-04-01,5bb3279b,9,Yes
2024-04-01,5bb3279b,10,No
2024-04-01,5bb3279b,11,Yes
2024-04-01,5bb3279b,12,No
2024-04-01,5bb3279b,13,Yes
2024-04-01,5bb3279b,14,No
2024-04-01,5bb3279b,15,Yes
2024-04-01,5bb3279b,16,No
2024-04-01,5bb3279b,17,Yes
2024-04-01,5bb3279b,18,No
2024-04-01,5bb3279b,19,Yes
2024-04-01,5bb3279b,20,No
2024-04-01,5bb3279b,21,Yes
2024-04-01,5bb3279b,22,Yes
2024-04-01,5bb3279b,23,No
2024-04-01,5bb3279b,24,Yes
2024-04-01,5bb3279b,25,Yes
2024-04-01,5bb3279b,26,No
2024-04-01,5bb3279b,27,No
2024-04-01,5bb3279b,28,No
2024-04-01,5bb3279b,29,No
2024-04-01,5bb3279b,30,No
2024-04-01,5bb3279b,31,Yes
2024-04-01,5bb3279b,32,No
2024-04-01,5bb3279b,33,Yes
2024-04-01,5bb3279b,34,Yes
2024-04-01,5bb3279b,35,No
2024-04-01,5bb3279b,36,No
2024-04-01,5bb3279b,37,Yes
2024-04-01,5bb3279b,38,No
2024-04-01,5bb3279b,39,No
2024-04-01,5bb3279b,40,No
2024-04-01,5bb3279b,41,Yes
2024-04-01,5bb3279b,42,No
2024-04-01,5bb3279b,43,Yes
2024-04-01,5bb3279b,44,Yes
2024-04-01,5bb3279b,45,Yes
2024-04-01,5bb3279b,46,Yes
2024-04-01,5bb3279b,47,Yes
2024-04-01,5bb3279b,48,No
2024-04-01,5bb3279b,49,Yes
2024-04-01,5bb3279b,50,No
2024-04-08,6f25d414,1,Yes
2024-04-08,6f25d414,2,No
2024-04-08,6f25d414,3,Yes
2024-04-08,6f25d414,4,No
2024-04-08,6f25d414,5,Yes
2024-04-08,6f25d414,6,Yes
2024-04-08,6f25d414,7,Yes
2024-04-08,6f25d414,8,No
2024-04-08,6f25d414,9,Yes
2024-04-08,6f25d414,10,Yes
2024-04-08,6f25d414,11,Yes
2024-04-08,6f25d414,12,Yes
2024-04-08,6f25d414,13,No
2024-04-08,6f25d414,14,No
2024-04-08,6f25d414,15,No
2024-04-08,6f25d414,16,No
2024-04-08,6f25d414,17,Yes
2024-04-08,6f25d414,18,No
2024-04-08,6f25d414,19,No
2024-04-08,6f25d414,20,Yes
2024-04-08,6f25d414,21,Yes
2024-04-08,6f25d414,22,Yes
2024-04-08,6f25d414,23,No
2024-04-08,6f25d414,24,Yes
2024-04-08,6f25d414,25,No
2024-04-08,6f25d414,26,Yes
2024-04-08,6f25d414,27,No
2024-04-08,6f25d414,28,No
2024-04-08,6f25d414,29,Yes
2024-04-08,6f25d414,30,Yes
2024-04-08,6f25d414,31,Yes
2024-04-08,6f25d414,32,Yes
2024-04-08,6f25d414,33,Yes
2024-04-08,6f25d414,34,No
2024-04-08,6f25d414,35,Yes
2024-04-08,6f25d414,36,No
2024-04-08,6f25d414,37,No
2024-04-08,6f25d414,38,No
2024-04-08,6f25d414,39,No
2024-04-08,6f25d414,40,Yes
2024-04-08,6f25d414,41,Yes
2024-04-08,6f25d414,42,Yes
2024-04-08,6f25d414,43,Yes
2024-04-08,6f25d414,44,No
2024-04-08,6f25d414,45,No
2024-04-08,6f25d414,46,Yes
2024-04-08,6f25d414,47,Yes
2024-04-08,6f25d414,48,No
2024-04-08,6f25d414,49,Yes
2024-04-08,6f25d414,50,No
2024-04-15,efbe2f4f,1,No
2024-04-15,efbe2f4f,2,Yes
2024-04-15,efbe2f4f,3,Yes
2024-04-15,efbe2f4f,4,No
2024-04-15,efbe2f4f,5,Yes
2024-04-15,efbe2f4f,6,No
2024-04-15,efbe2f4f,7,No
2024-04-15,efbe2f4f,8,No
2024-04-15,efbe2f4f,9,No
2024-04-15,efbe2f4f,10,No
2024-04-15,efbe2f4f,11,Yes
2024-04-15,efbe2f4f,12,Yes
2024-04-15,efbe2f4f,13,No
2024-04-15,efbe2f4f,14,Yes
2024-04-15,efbe2f4f,15,Yes
2024-04-15,efbe2f4f,16,No
2024-04-15,efbe2f4f,17,No
2024-04-15,efbe2f4f,18,No
2024-04-15,efbe2f4f,19,Yes
2024-04-15,efbe2f4f,20,No
2024-04-15,efbe2f4f,21,No
2024-04-15,efbe2f4f,22,Yes
2024-04-15,efbe2f4f,23,No
2024-04-15,efbe2f4f,24,Yes
2024-04-15,efbe2f4f,25,No
2024-04-15,efbe2f4f,26,Yes
2024-04-15,efbe2f4f,27,No
2024-04-15,efbe2f4f,28,No
2024-04-15,efbe2f4f,29,No
2024-04-15,efbe2f4f,30,No
2024-04-15,efbe2f4f,31,No
2024-04-15,efbe2f4f,32,No
2024-04-15,efbe2f4f,33,Yes
2024-04-15,efbe2f4f,34,No
2024-04-15,efbe2f4f,35,Yes
2024-04-15,efbe2f4f,36,Yes
2024-04-15,efbe2f4f,37,Yes
2024-04-15,efbe2f4f,38,No
2024-04-15,efbe2f4f,39,No
2024-04-15,efbe2f4f,40,No
2024-04-15,efbe2f4f,41,No
2024-04-15,efbe2f4f,42,No
2024-04-15,efbe2f4f,43,No
2024-04-15,efbe2f4f,44,No
2024-04-15,efbe2f4f,45,Yes
2024-04-15,efbe2f4f,46,Yes
2024-04-15,efbe2f4f,47,No
2024-04-15,efbe2f4f,48,Yes
2024-04-15,efbe2f4f,49,No
2024-04-15,efbe2f4f,50,No
2024-04-22,bf52ccd4,1,No
2024-04-22,bf52ccd4,2,Yes
2024-04-22,bf52ccd4,3,No
2024-04-22,bf52ccd4,4,No
2024-04-22,bf52ccd4,5,No
2024-04-22,bf52ccd4,6,Yes
2024-04-22,bf52ccd4,7,Yes
2024-04-22,bf52ccd4,8,Yes
2024-04-22,bf52ccd4,9,Yes
2024-04-22,bf52ccd4,10,Yes
2024-04-22,bf52ccd4,11,No
2024-04-22,bf52ccd4,12,Yes
2024-04-22,bf52ccd4,13,Yes
2024-04-22,bf52ccd4,14,No
2024-04-22,bf52ccd4,15,Yes
2024-04-22,bf52ccd4,16,No
2024-04-22,bf52ccd4,17,No
2024-04-22,bf52ccd4,18,Yes
2024-04-22,bf52ccd4,19,No
2024-04-22,bf52ccd4,20,Yes
2024-04-22,bf52ccd4,21,No
2024-04-22,bf52ccd4,22,Yes
2024-04-22,bf52ccd4,23,Yes
2024-04-22,bf52ccd4,24,No
2024-04-22,bf52ccd4,25,Yes
2024-04-22,bf52ccd4,26,No
2024-04-22,bf52ccd4,27,No
2024-04-22,bf52ccd4,28,No
2024-04-22,bf52ccd4,29,No
2024-04-22,bf52ccd4,30,Yes
2024-04-22,bf52ccd4,31,No
2024-04-22,bf52ccd4,32,No
2024-04-22,bf52ccd4,33,No
2024-04-22,bf52ccd4,34,Yes
2024-04-22,bf52ccd4,35,Yes
2024-04-22,bf52ccd4,36,No
2024-04-22,bf52ccd4,37,Yes
2024-04-22,bf52ccd4,38,No
2024-04-22,bf52ccd4,39,No
2024-04-22,bf52ccd4,40,Yes
2024-04-22,bf52ccd4,41,Yes
2024-04-22,bf52ccd4,42,Yes
2024-04-22,bf52ccd4,43,No
2024-04-22,bf52ccd4,44,Yes
2024-04-22,bf52ccd4,45,Yes
2024-04-22,bf52ccd4,46,Yes
2024-04-22,bf52ccd4,47,Yes
2024-04-22,bf52ccd4,48,Yes
2024-04-22,bf52ccd4,49,Yes
2024-04-22,bf52ccd4,50,No
2024-04-29,db16d5c7,1,Yes
2024-04-29,db16d5c7,2,No
2024-04-29,db16d5c7,3,Yes
2024-04-29,db16d5c7,4,No
2024-04-29,db16d5c7,5,No
2024-04-29,db16d5c7,6,Yes
2024-04-29,db16d5c7,7,No
2024-04-29,db16d5c7,8,Yes
2024-04-29,db16d5c7,9,Yes
2024-04-29,db16d5c7,10,No
2024-04-29,db16d5c7,11,Yes
2024-04-29,db16d5c7,12,Yes
2024-04-29,db16d5c7,13,No
2024-04-29,db16d5c7,14,Yes
2024-04-29,db16d5c7,15,No
2024-04-29,db16d5c7,16,No
2024-04-29,db16d5c7,17,Yes
2024-04-29,db16d5c7,18,No
2024-04-29,db16d5c7,19,Yes
2024-04-29,db16d5c7,20,Yes
2024-04-29,db16d5c7,21,No
2024-04-29,db16d5c7,22,No
2024-04-29,db16d5c7,23,Yes
2024-04-29,db16d5c7,24,No
2024-04-29,db16d5c7,25,Yes
2024-04-29,db16d5c7,26,No
2024-04-29,db16d5c7,27,No
2024-04-29,db16d5c7,28,No
2024-04-29,db16d5c7,29,Yes
2024-04-29,db16d5c7,30,No
2024-04-29,db16d5c7,31,No
2024-04-29,db16d5c7,32,Yes
2024-04-29,db16d5c7,33,Yes
2024-04-29,db16d5c7,34,Yes
2024-04-29,db16d5c7,35,Yes
2024-04-29,db16d5c7,36,No
2024-04-29,db16d5c7,37,No
2024-04-29,db16d5c7,38,No
2024-04-29,db16d5c7,39,No
2024-04-29,db16d5c7,40,Yes
2024-04-29,db16d5c7,41,No
2024-04-29,db16d5c7,42,Yes
2024-04-29,db16d5c7,43,No
2024-04-29,db16d5c7,44,Yes
2024-04-29,db16d5c7,45,Yes
2024-04-29,db16d5c7,46,Yes
2024-04-29,db16d5c7,47,Yes
2024-04-29,db16d5c7,48,Yes
2024-04-29,db16d5c7,49,Yes
2024-04-29,db16d5c7,50,Yes
2024-05-06,36a24d0c,1,No
2024-05-06,36a24d0c,2,No
2024-05-06,36a24d0c,3,Yes
2024-05-06,36a24d0c,4,No
2024-05-06,36a24d0c,5,No
2024-05-06,36a24d0c,6,Yes
2024-05-06,36a24d0c,7,Yes
2024-05-06,36a24d0c,8,Yes
2024-05-06,36a24d0c,9,Yes
2024-05-06,36a24d0c,10,No
2024-05-06,36a24d0c,11,Yes
2024-05-06,36a24d0c,12,No
2024-05-06,36a24d0c,13,No
2024-05-06,36a24d0c,14,No
2024-05-06,36a24d0c,15,Yes
2024-05-06,36a24d0c,16,No
2024-05-06,36a24d0c,17,No
2024-05-06,36a24d0c,18,Yes
2024-05-06,36a24d0c,19,No
2024-05-06,36a24d0c,20,No
2024-05-06,36a24d0c,21,No
2024-05-06,36a24d0c,22,No
2024-05-06,36a24d0c,23,No
2024-05-06,36a24d0c,24,Yes
2024-05-06,36a24d0c,25,Yes
2024-05-06,36a24d0c,26,Yes
2024-05-06,36a24d0c,27,No
2024-05-06,36a24d0c,28,Yes
2024-05-06,36a24d0c,29,Yes
2024-05-06,36a24d0c,30,Yes
2024-05-06,36a24d0c,31,Yes
2024-05-06,36a24d0c,32,No
2024-05-06,36a24d0c,33,Yes
2024-05-06,36a24d0c,34,Yes
2024-05-06,36a24d0c,35,No
2024-05-06,36a24d0c,36,Yes
2024-05-06,36a24d0c,37,No
2024-05-06,36a24d0c,38,No
2024-05-06,36a24d0c,39,No
2024-05-06,36a24d0c,40,Yes
2024-05-06,36a24d0c,41,Yes
2024-05-06,36a24d0c,42,Yes
2024-05-06,36a24d0c,43,No
2024-05-06,36a24d0c,44,Yes
2024-05-06,36a24d0c,45,No
2024-05-06,36a24d0c,46,No
2024-05-06,36a24d0c,47,Yes
2024-05-06,36a24d0c,48,Yes
2024-05-06,36a24d0c,49,No
2024-05-06,36a24d0c,50,Yes
2024-05-13,f6fa9753,1,Yes
2024-05-13,f6fa9753,2,No
2024-05-13,f6fa9753,3,No
2024-05-13,f6fa9753,4,Yes
2024-05-13,f6fa9753,5,Yes
2024-05-13,f6fa9753,6,Yes
2024-05-13,f6fa9753,7,Yes
2024-05-13,f6fa9753,8,No
2024-05-13,f6fa9753,9,No
2024-05-13,f6fa9753,10,No
2024-05-13,f6fa9753,11,Yes
2024-05-13,f6fa9753,12,No
2024-05-13,f6fa9753,13,Yes
2024-05-13,f6fa9753,14,No
2024-05-13,f6fa9753,15,No
2024-05-13,f6fa9753,16,Yes
2024-05-13,f6fa9753,17,No
2024-05-13,f6fa9753,18,Yes
2024-05-13,f6fa9753,19,Yes
2024-05-13,f6fa9753,20,Yes
2024-05-13,f6fa9753,21,No
2024-05-13,f6fa9753,22,Yes
2024-05-13,f6fa9753,23,No
2024-05-13,f6fa9753,24,Yes
2024-05-13,f6fa9753,25,Yes
2024-05-13,f6fa9753,26,No
2024-05-13,f6fa9753,27,No
2024-05-13,f6fa9753,28,No
2024-05-13,f6fa9753,29,Yes
2024-05-13,f6fa9753,30,Yes
2024-05-13,f6fa9753,31,Yes
2024-05-13,f6fa9753,32,Yes
2024-05-13,f6fa9753,33,No
2024-05-13,f6fa9753,34,Yes
2024-05-13,f6fa9753,35,Yes
2024-05-13,f6fa9753,36,No
2024-05-13,f6fa9753,37,Yes
2024-05-13,f6fa9753,38,No
2024-05-13,f6fa9753,39,No
2024-05-13,f6fa9753,40,Yes
2024-05-13,f6fa9753,41,No
2024-05-13,f6fa9753,42,Yes
2024-05-13,f6fa9753,43,No
2024-05-13,f6fa9753,44,Yes
2024-05-13,f6fa9753,45,Yes
2024-05-13,f6fa9753,46,Yes
2024-05-13,f6fa9753,47,No
2024-05-13,f6fa9753,48,Yes
2024-05-13,f6fa9753,49,No
2024-05-13,f6fa9753,50,Yes
2024-05-20,d7482872,1,No
2024-05-20,d7482872,2,No
2024-05-20,d7482872,3,Yes
2024-05-20,d7482872,4,Yes
2024-05-20,d7482872,5,Yes
2024-05-20,d7482872,6,Yes
2024-05-20,d7482872,7,No
2024-05-20,d7482872,8,No
2024-05-20,d7482872,9,No
2024-05-20,d7482872,10,Yes
2024-05-20,d7482872,11,Yes
2024-05-20,d7482872,12,Yes
2024-05-20,d7482872,13,Yes
2024-05-20,d7482872,14,No
2024-05-20,d7482872,15,Yes
2024-05-20,d7482872,16,Yes
2024-05-20,d7482872,17,Yes
2024-05-20,d7482872,18,Yes
2024-05-20,d7482872,19,No
2024-05-20,d7482872,20,Yes
2024-05-20,d7482872,21,Yes
2024-05-20,d7482872,22,No
2024-05-20,d7482872,23,No
2024-05-20,d7482872,24,No
2024-05-20,d7482872,25,Yes
2024-05-20,d7482872,26,No
2024-05-20,d7482872,27,Yes
2024-05-20,d7482872,28,Yes
2024-05-20,d7482872,29,Yes
2024-05-20,d7482872,30,Yes
2024-05-20,d7482872,31,Yes
2024-05-20,d7482872,32,Yes
2024-05-20,d7482872,33,No
2024-05-20,d7482872,34,Yes
2024-05-20,d7482872,35,Yes
2024-05-20,d7482872,36,No
2024-05-20,d7482872,37,No
2024-05-20,d7482872,38,Yes
2024-05-20,d7482872,39,No
2024-05-20,d7482872,40,Yes
2024-05-20,d7482872,41,Yes
2024-05-20,d7482872,42,No
2024-05-20,d7482872,43,Yes
2024-05-20,d7482872,44,No
2024-05-20,d7482872,45,No
2024-05-20,d7482872,46,No
2024-05-20,d7482872,47,No
2024-05-20,d7482872,48,Yes
2024-05-20,d7482872,49,No
2024-05-20,d7482872,50,Yes
2024-05-27,94a8441d,1,No
2024-05-27,94a8441d,2,No
2024-05-27,94a8441d,3,Yes
2024-05-27,94a8441d,4,No
2024-05-27,94a8441d,5,No
2024-05-27,94a8441d,6,Yes
2024-05-27,94a8441d,7,No
2024-05-27,94a8441d,8,No
2024-05-27,94a8441d,9,No
2024-05-27,94a8441d,10,No
2024-05-27,94a8441d,11,No
2024-05-27,94a8441d,12,Yes
2024-05-27,94a8441d,13,Yes
2024-05-27,94a8441d,14,Yes
2024-05-27,94a8441d,15,No
2024-05-27,94a8441d,16,Yes
2024-05-27,94a8441d,17,Yes
2024-05-27,94a8441d,18,No
2024-05-27,94a8441d,19,Yes
2024-05-27,94a8441d,20,Yes
2024-05-27,94a8441d,21,No
2024-05-27,94a8441d,22,Yes
2024-05-27,94a8441d,23,Yes
2024-05-27,94a8441d,24,No
2024-05-27,94a8441d,25,No
2024-05-27,94a8441d,26,No
2024-05-27,94a8441d,27,No
2024-05-27,94a8441d,28,No
2024-05-27,94a8441d,29,Yes
2024-05-27,94a8441d,30,Yes
2024-05-27,94a8441d,31,No
2024-05-27,94a8441d,32,Yes
2024-05-27,94a8441d,33,No
2024-05-27,94a8441d,34,Yes
2024-05-27,94a8441d,35,Yes
2024-05-27,94a8441d,36,Yes
2024-05-27,94a8441d,37,Yes
2024-05-27,94a8441d,38,Yes
2024-05-27,94a8441d,39,No
2024-05-27,94a8441d,40,Yes
2024-05-27,94a8441d,41,No
2024-05-27,94a8441d,42,Yes
2024-05-27,94a8441d,43,Yes
2024-05-27,94a8441d,44,Yes
2024-05-27,94a8441d,45,Yes
2024-05-27,94a8441d,46,Yes
2024-05-27,94a8441d,47,No
2024-05-27,94a8441d,48,Yes
2024-05-27,94a8441d,49,Yes
2024-05-27,94a8441d,50,No
2024-06-03,f7898fee,1,No
2024-06-03,f7898fee,2,Yes
2024-06-03,f7898fee,3,Yes
2024-06-03,f7898fee,4,Yes
2024-06-03,f7898fee,5,Yes
2024-06-03,f7898fee,6,Yes
2024-06-03,f7898fee,7,Yes
2024-06-03,f7898fee,8,Yes
2024-06-03,f7898fee,9,No
2024-06-03,f7898fee,10,Yes
2024-06-03,f7898fee,11,Yes
2024-06-03,f7898fee,12,Yes
2024-06-03,f7898fee,13,Yes
2024-06-03,f7898fee,14,Yes
2024-06-03,f7898fee,15,Yes
2024-06-03,f7898fee,16,No
2024-06-03,f7898fee,17,No
2024-06-03,f7898fee,18,No
2024-06-03,f7898fee,19,No
2024-06-03,f7898fee,20,No
2024-06-03,f7898fee,21,No
2024-06-03,f7898fee,22,No
2024-06-03,f7898fee,23,No
2024-06-03,f7898fee,24,No
2024-06-03,f7898fee,25,No
2024-06-03,f7898fee,26,No
2024-06-03,f7898fee,27,No
2024-06-03,f7898fee,28,No
2024-06-03,f7898fee,29,No
2024-06-03,f7898fee,30,No
2024-06-03,f7898fee,31,Yes
2024-06-03,f7898fee,32,No
2024-06-03,f7898fee,33,No
2024-06-03,f7898fee,34,Yes
2024-06-03,f7898fee,35,Yes
2024-06-03,f7898fee,36,No
2024-06-03,f7898fee,37,No
2024-06-03,f7898fee,38,Yes
2024-06-03,f7898fee,39,No
2024-06-03,f7898fee,40,Yes
2024-06-03,f7898fee,41,No
2024-06-03,f7898fee,42,Yes
2024-06-03,f7898fee,43,No
2024-06-03,f7898fee,44,Yes
2024-06-03,f7898fee,45,No
2024-06-03,f7898fee,46,Yes
2024-06-03,f7898fee,47,Yes
2024-06-03,f7898fee,48,No
2024-06-03,f7898fee,49,No
2024-06-03,f7898fee,50,No
2024-06-10,f3fc6b27,1,No
2024-06-10,f3fc6b27,2,No
2024-06-10,f3fc6b27,3,Yes
2024-06-10,f3fc6b27,4,Yes
2024-06-10,f3fc6b27,5,Yes
2024-06-10,f3fc6b27,6,No
2024-06-10,f3fc6b27,7,No
2024-06-10,f3fc6b27,8,Yes
2024-06-10,f3fc6b27,9,Yes
2024-06-10,f3fc6b27,10,No
2024-06-10,f3fc6b27,11,Yes
2024-06-10,f3fc6b27,12,Yes
2024-06-10,f3fc6b27,13,Yes
2024-06-10,f3fc6b27,14,Yes
2024-06-10,f3fc6b27,15,Yes
2024-06-10,f3fc6b27,16,No
2024-06-10,f3fc6b27,17,No
2024-06-10,f3fc6b27,18,No
2024-06-10,f3fc6b27,19,No
2024-06-10,f3fc6b27,20,Yes
2024-06-10,f3fc6b27,21,No
2024-06-10,f3fc6b27,22,No
2024-06-10,f3fc6b27,23,Yes
2024-06-10,f3fc6b27,24,No
2024-06-10,f3fc6b27,25,No
2024-06-10,f3fc6b27,26,Yes
2024-06-10,f3fc6b27,27,No
2024-06-10,f3fc6b27,28,No
2024-06-10,f3fc6b27,29,Yes
2024-06-10,f3fc6b27,30,No
2024-06-10,f3fc6b27,31,No
2024-06-10,f3fc6b27,32,Yes
2024-06-10,f3fc6b27,33,No
2024-06-10,f3fc6b27,34,Yes
2024-06-10,f3fc6b27,35,No
2024-06-10,f3fc6b27,36,Yes
2024-06-10,f3fc6b27,37,No
2024-06-10,f3fc6b27,38,No
2024-06-10,f3fc6b27,39,Yes
2024-06-10,f3fc6b27,40,Yes
2024-06-10,f3fc6b27,41,Yes
2024-06-10,f3fc6b27,42,No
2024-06-10,f3fc6b27,43,No
2024-06-10,f3fc6b27,44,Yes
2024-06-10,f3fc6b27,45,Yes
2024-06-10,f3fc6b27,46,Yes
2024-06-10,f3fc6b27,47,No
2024-06-10,f3fc6b27,48,Yes
2024-06-10,f3fc6b27,49,No
2024-06-10,f3fc6b27,50,Yes
2024-06-17,d7d6d0a9,1,Yes
2024-06-17,d7d6d0a9,2,No
2024-06-17,d7d6d0a9,3,No
2024-06-17,d7d6d0a9,4,Yes
2024-06-17,d7d6d0a9,5,No
2024-06-17,d7d6d0a9,6,Yes
2024-06-17,d7d6d0a9,7,No
2024-06-17,d7d6d0a9,8,No
2024-06-17,d7d6d0a9,9,No
2024-06-17,d7d6d0a9,10,Yes
2024-06-17,d7d6d0a9,11,No
2024-06-17,d7d6d0a9,12,Yes
2024-06-17,d7d6d0a9,13,Yes
2024-06-17,d7d6d0a9,14,No
2024-06-17,d7d6d0a9,15,Yes
2024-06-17,d7d6d0a9,16,Yes
2024-06-17,d7d6d0a9,17,Yes
2024-06-17,d7d6d0a9,18,No
2024-06-17,d7d6d0a9,19,Yes
2024-06-17,d7d6d0a9,20,Yes
2024-06-17,d7d6d0a9,21,No
2024-06-17,d7d6d0a9,22,No
2024-06-17,d7d6d0a9,23,Yes
2024-06-17,d7d6d0a9,24,No
2024-06-17,d7d6d0a9,25,No
2024-06-17,d7d6d0a9,26,No
2024-06-17,d7d6d0a9,27,Yes
2024-06-17,d7d6d0a9,28,No
2024-06-17,d7d6d0a9,29,Yes
2024-06-17,d7d6d0a9,30,No
2024-06-17,d7d6d0a9,31,Yes
2024-06-17,d7d6d0a9,32,No
2024-06-17,d7d6d0a9,33,Yes
2024-06-17,d7d6d0a9,34,Yes
2024-06-17,d7d6d0a9,35,No
2024-06-17,d7d6d0a9,36,No
2024-06-17,d7d6d0a9,37,Yes
2024-06-17,d7d6d0a9,38,Yes
2024-06-17,d7d6d0a9,39,No
2024-06-17,d7d6d0a9,40,Yes
2024-06-17,d7d6d0a9,41,No
2024-06-17,d7d6d0a9,42,Yes
2024-06-17,d7d6d0a9,43,No
2024-06-17,d7d6d0a9,44,Yes
2024-06-17,d7d6d0a9,45,No
2024-06-17,d7d6d0a9,46,Yes
2024-06-17,d7d6d0a9,47,Yes
2024-06-17,d7d6d0a9,48,Yes
2024-06-17,d7d6d0a9,49,No
2024-06-17,d7d6d0a9,50,No
2024-06-24,097fd5fc,1,Yes
2024-06-24,097fd5fc,2,Yes
2024-06-24,097fd5fc,3,No
2024-06-24,097fd5fc,4,No
2024-06-24,097fd5fc,5,No
2024-06-24,097fd5fc,6,Yes
2024-06-24,097fd5fc,7,No
2024-06-24,097fd5fc,8,No
2024-06-24,097fd5fc,9,No
2024-06-24,097fd5fc,10,Yes
2024-06-24,097fd5fc,11,Yes
2024-06-24,097fd5fc,12,Yes
2024-06-24,097fd5fc,13,Yes
2024-06-24,097fd5fc,14,Yes
2024-06-24,097fd5fc,15,No
2024-06-24,097fd5fc,16,Yes
2024-06-24,097fd5fc,17,Yes
2024-06-24,097fd5fc,18,Yes
2024-06-24,097fd5fc,19,Yes
2024-06-24,097fd5fc,20,No
2024-06-24,097fd5fc,21,Yes
2024-06-24,097fd5fc,22,No
2024-06-24,097fd5fc,23,Yes
2024-06-24,097fd5fc,24,Yes
2024-06-24,097fd5fc,25,Yes
2024-06-24,097fd5fc,26,No
2024-06-24,097fd5fc,27,No
2024-06-24,097fd5fc,28,No
2024-06-24,097fd5fc,29,No
2024-06-24,097fd5fc,30,No
2024-06-24,097fd5fc,31,No
2024-06-24,097fd5fc,32,No
2024-06-24,097fd5fc,33,Yes
2024-06-24,097fd5fc,34,Yes
2024-06-24,097fd5fc,35,No
2024-06-24,097fd5fc,36,Yes
2024-06-24,097fd5fc,37,No
2024-06-24,097fd5fc,38,No
2024-06-24,097fd5fc,39,Yes
2024-06-24,097fd5fc,40,Yes
2024-06-24,097fd5fc,41,No
2024-06-24,097fd5fc,42,Yes
2024-06-24,097fd5fc,43,No
2024-06-24,097fd5fc,44,No
2024-06-24,097fd5fc,45,No
2024-06-24,097fd5fc,46,No
2024-06-24,097fd5fc,47,Yes
2024-06-24,097fd5fc,48,No
2024-06-24,097fd5fc,49,No
2024-06-24,097fd5fc,50,No
2024-07-01,be51a442,1,Yes
2024-07-01,be51a442,2,No
2024-07-01,be51a442,3,No
2024-07-01,be51a442,4,Yes
2024-07-01,be51a442,5,Yes
2024-07-01,be51a442,6,Yes
2024-07-01,be51a442,7,No
2024-07-01,be51a442,8,No
2024-07-01,be51a442,9,No
2024-07-01,be51a442,10,No
2024-07-01,be51a442,11,No
2024-07-01,be51a442,12,Yes
2024-07-01,be51a442,13,No
2024-07-01,be51a442,14,Yes
2024-07-01,be51a442,15,No
2024-07-01,be51a442,16,No
2024-07-01,be51a442,17,No
2024-07-01,be51a442,18,No
2024-07-01,be51a442,19,Yes
2024-07-01,be51a442,20,Yes
2024-07-01,be51a442,21,No
2024-07-01,be51a442,22,No
2024-07-01,be51a442,23,Yes
2024-07-01,be51a442,24,No
2024-07-01,be51a442,25,Yes
2024-07-01,be51a442,26,Yes
2024-07-01,be51a442,27,Yes
2024-07-01,be51a442,28,No
2024-07-01,be51a442,29,Yes
2024-07-01,be51a442,30,No
2024-07-01,be51a442,31,No
2024-07-01,be51a442,32,No
2024-07-01,be51a442,33,No
2024-07-01,be51a442,34,No
2024-07-01,be51a442,35,Yes
2024-07-01,be51a442,36,Yes
2024-07-01,be51a442,37,No
2024-07-01,be51a442,38,No
2024-07-01,be51a442,39,Yes
2024-07-01,be51a442,40,Yes
2024-07-01,be51a442,41,No
2024-07-01,be51a442,42,No
2024-07-01,be51a442,43,No
2024-07-01,be51a442,44,No
2024-07-01,be51a442,45,Yes
2024-07-01,be51a442,46,No
2024-07-01,be51a442,47,Yes
2024-07-01,be51a442,48,Yes
2024-07-01,be51a442,49,Yes
2024-07-01,be51a442,50,No
2024-07-08,efb18d6e,1,Yes
2024-07-08,efb18d6e,2,No
2024-07-08,efb18d6e,3,No
2024-07-08,efb18d6e,4,No
2024-07-08,efb18d6e,5,Yes
2024-07-08,efb18d6e,6,Yes
2024-07-08,efb18d6e,7,No
2024-07-08,efb18d6e,8,Yes
2024-07-08,efb18d6e,9,Yes
2024-07-08,efb18d6e,10,No
2024-07-08,efb18d6e,11,No
2024-07-08,efb18d6e,12,No
2024-07-08,efb18d6e,13,No
2024-07-08,efb18d6e,14,Yes
2024-07-08,efb18d6e,15,No
2024-07-08,efb18d6e,16,No
2024-07-08,efb18d6e,17,Yes
2024-07-08,efb18d6e,18,Yes
2024-07-08,efb18d6e,19,No
2024-07-08,efb18d6e,20,No
2024-07-08,efb18d6e,21,Yes
2024-07-08,efb18d6e,22,Yes
2024-07-08,efb18d6e,23,No
2024-07-08,efb18d6e,24,No
2024-07-08,efb18d6e,25,No
2024-07-08,efb18d6e,26,Yes
2024-07-08,efb18d6e,27,No
2024-07-08,efb18d6e,28,No
2024-07-08,efb18d6e,29,Yes
2024-07-08,efb18d6e,30,No
2024-07-08,efb18d6e,31,Yes
2024-07-08,efb18d6e,32,Yes
2024-07-08,efb18d6e,33,No
2024-07-08,efb18d6e,34,Yes
2024-07-08,efb18d6e,35,Yes
2024-07-08,efb18d6e,36,No
2024-07-08,efb18d6e,37,No
2024-07-08,efb18d6e,38,No
2024-07-08,efb18d6e,39,No
2024-07-08,efb18d6e,40,Yes
2024-07-08,efb18d6e,41,Yes
2024-07-08,efb18d6e,42,Yes
2024-07-08,efb18d6e,43,No
2024-07-08,efb18d6e,44,No
2024-07-08,efb18d6e,45,No
2024-07-08,efb18d6e,46,No
2024-07-08,efb18d6e,47,No
2024-07-08,efb18d6e,48,Yes
2024-07-08,efb18d6e,49,Yes
2024-07-08,efb18d6e,50,Yes
2024-07-15,71d716fa,1,Yes
2024-07-15,71d716fa,2,No
2024-07-15,71d716fa,3,No
2024-07-15,71d716fa,4,No
2024-07-15,71d716fa,5,No
2024-07-15,71d716fa,6,No
2024-07-15,71d716fa,7,No
2024-07-15,71d716fa,8,Yes
2024-07-15,71d716fa,9,Yes
2024-07-15,71d716fa,10,No
2024-07-15,71d716fa,11,No
2024-07-15,71d716fa,12,Yes
2024-07-15,71d716fa,13,No
2024-07-15,71d716fa,14,No
2024-07-15,71d716fa,15,Yes
2024-07-15,71d716fa,16,Yes
2024-07-15,71d716fa,17,No
2024-07-15,71d716fa,18,Yes
2024-07-15,71d716fa,19,No
2024-07-15,71d716fa,20,Yes
2024-07-15,71d716fa,21,Yes
2024-07-15,71d716fa,22,No
2024-07-15,71d716fa,23,No
2024-07-15,71d716fa,24,No
2024-07-15,71d716fa,25,No
2024-07-15,71d716fa,26,Yes
2024-07-15,71d716fa,27,No
2024-07-15,71d716fa,28,Yes
2024-07-15,71d716fa,29,Yes
2024-07-15,71d716fa,30,No
2024-07-15,71d716fa,31,No
2024-07-15,71d716fa,32,Yes
2024-07-15,71d716fa,33,No
2024-07-15,71d716fa,34,No
2024-07-15,71d716fa,35,No
2024-07-15,71d716fa,36,Yes
2024-07-15,71d716fa,37,Yes
2024-07-15,71d716fa,38,No
2024-07-15,71d716fa,39,No
2024-07-15,71d716fa,40,Yes
2024-07-15,71d716fa,41,No
2024-07-15,71d716fa,42,Yes
2024-07-15,71d716fa,43,Yes
2024-07-15,71d716fa,44,No
2024-07-15,71d716fa,45,Yes
2024-07-15,71d716fa,46,No
2024-07-15,71d716fa,47,No
2024-07-15,71d716fa,48,Yes
2024-07-15,71d716fa,49,No
2024-07-15,71d716fa,50,No
2024-07-22,b135910d,1,No
2024-07-22,b135910d,2,No
2024-07-22,b135910d,3,Yes
2024-07-22,b135910d,4,Yes
2024-07-22,b135910d,5,No
2024-07-22,b135910d,6,No
2024-07-22,b135910d,7,No
2024-07-22,b135910d,8,Yes
2024-07-22,b135910d,9,Yes
2024-07-22,b135910d,10,No
2024-07-22,b135910d,11,Yes
2024-07-22,b135910d,12,Yes
2024-07-22,b135910d,13,Yes
2024-07-22,b135910d,14,Yes
2024-07-22,b135910d,15,No
2024-07-22,b135910d,16,No
2024-07-22,b135910d,17,No
2024-07-22,b135910d,18,No
2024-07-22,b135910d,19,Yes
2024-07-22,b135910d,20,Yes
2024-07-22,b135910d,21,Yes
2024-07-22,b135910d,22,Yes
2024-07-22,b135910d,23,No
2024-07-22,b135910d,24,Yes
2024-07-22,b135910d,25,No
2024-07-22,b135910d,26,Yes
2024-07-22,b135910d,27,Yes
2024-07-22,b135910d,28,No
2024-07-22,b135910d,29,No
2024-07-22,b135910d,30,Yes
2024-07-22,b135910d,31,Yes
2024-07-22,b135910d,32,Yes
2024-07-22,b135910d,33,No
2024-07-22,b135910d,34,No
2024-07-22,b135910d,35,No
2024-07-22,b135910d,36,No
2024-07-22,b135910d,37,No
2024-07-22,b135910d,38,No
2024-07-22,b135910d,39,Yes
2024-07-22,b135910d,40,No
2024-07-22,b135910d,41,No
2024-07-22,b135910d,42,Yes
2024-07-22,b135910d,43,No
2024-07-22,b135910d,44,No
2024-07-22,b135910d,45,Yes
2024-07-22,b135910d,46,No
2024-07-22,b135910d,47,Yes
2024-07-22,b135910d,48,No
2024-07-22,b135910d,49,Yes
2024-07-22,b135910d,50,No
2024-07-29,a389057a,1,Yes
2024-07-29,a389057a,2,No
2024-07-29,a389057a,3,Yes
2024-07-29,a389057a,4,Yes
2024-07-29,a389057a,5,Yes
2024-07-29,a389057a,6,Yes
2024-07-29,a389057a,7,No
2024-07-29,a389057a,8,Yes
2024-07-29,a389057a,9,No
2024-07-29,a389057a,10,Yes
2024-07-29,a389057a,11,No
2024-07-29,a389057a,12,Yes
2024-07-29,a389057a,13,Yes
2024-07-29,a389057a,14,Yes
2024-07-29,a389057a,15,No
2024-07-29,a389057a,16,No
2024-07-29,a389057a,17,Yes
2024-07-29,a389057a,18,No
2024-07-29,a389057a,19,No
2024-07-29,a389057a,20,No
2024-07-29,a389057a,21,Yes
2024-07-29,a389057a,22,No
2024-07-29,a389057a,23,Yes
2024-07-29,a389057a,24,No
2024-07-29,a389057a,25,Yes
2024-07-29,a389057a,26,No
2024-07-29,a389057a,27,No
2024-07-29,a389057a,28,Yes
2024-07-29,a389057a,29,Yes
2024-07-29,a389057a,30,Yes
2024-07-29,a389057a,31,Yes
2024-07-29,a389057a,32,Yes
2024-07-29,a389057a,33,Yes
2024-07-29,a389057a,34,Yes
2024-07-29,a389057a,35,No
2024-07-29,a389057a,36,Yes
2024-07-29,a389057a,37,No
2024-07-29,a389057a,38,No
2024-07-29,a389057a,39,Yes
2024-07-29,a389057a,40,Yes
2024-07-29,a389057a,41,No
2024-07-29,a389057a,42,Yes
2024-07-29,a389057a,43,Yes
2024-07-29,a389057a,44,Yes
2024-07-29,a389057a,45,No
2024-07-29,a389057a,46,Yes
2024-07-29,a389057a,47,No
2024-07-29,a389057a,48,No
2024-07-29,a389057a,49,Yes
2024-07-29,a389057a,50,Yes
2024-08-05,baad634c,1,Yes
2024-08-05,baad634c,2,Yes
2024-08-05,baad634c,3,Yes
2024-08-05,baad634c,4,No
2024-08-05,baad634c,5,No
2024-08-05,baad634c,6,No
2024-08-05,baad634c,7,Yes
2024-08-05,baad634c,8,No
2024-08-05,baad634c,9,Yes
2024-08-05,baad634c,10,No
2024-08-05,baad634c,11,No
2024-08-05,baad634c,12,No
2024-08-05,baad634c,13,Yes
2024-08-05,baad634c,14,No
2024-08-05,baad634c,15,No
2024-08-05,baad634c,16,No
2024-08-05,baad634c,17,Yes
2024-08-05,baad634c,18,No
2024-08-05,baad634c,19,No
2024-08-05,baad634c,20,No
2024-08-05,baad634c,21,Yes
2024-08-05,baad634c,22,Yes
2024-08-05,baad634c,23,No
2024-08-05,baad634c,24,Yes
2024-08-05,baad634c,25,Yes
2024-08-05,baad634c,26,Yes
2024-08-05,baad634c,27,Yes
2024-08-05,baad634c,28,Yes
2024-08-05,baad634c,29,No
2024-08-05,baad634c,30,Yes
2024-08-05,baad634c,31,No
2024-08-05,baad634c,32,No
2024-08-05,baad634c,33,No
2024-08-05,baad634c,34,Yes
2024-08-05,baad634c,35,Yes
2024-08-05,baad634c,36,Yes
2024-08-05,baad634c,37,Yes
2024-08-05,baad634c,38,Yes
2024-08-05,baad634c,39,No
2024-08-05,baad634c,40,No
2024-08-05,baad634c,41,Yes
2024-08-05,baad634c,42,No
2024-08-05,baad634c,43,Yes
2024-08-05,baad634c,44,No
2024-08-05,baad634c,45,No
2024-08-05,baad634c,46,Yes
2024-08-05,baad634c,47,No
2024-08-05,baad634c,48,Yes
2024-08-05,baad634c,49,Yes
2024-08-05,baad634c,50,No
2024-08-12,e2058fff,1,Yes
2024-08-12,e2058fff,2,Yes
2024-08-12,e2058fff,3,Yes
2024-08-12,e2058fff,4,No
2024-08-12,e2058fff,5,No
2024-08-12,e2058fff,6,Yes
2024-08-12,e2058fff,7,No
2024-08-12,e2058fff,8,Yes
2024-08-12,e2058fff,9,Yes
2024-08-12,e2058fff,10,Yes
2024-08-12,e2058fff,11,Yes
2024-08-12,e2058fff,12,Yes
2024-08-12,e2058fff,13,No
2024-08-12,e2058fff,14,Yes
2024-08-12,e2058fff,15,Yes
2024-08-12,e2058fff,16,Yes
2024-08-12,e2058fff,17,No
2024-08-12,e2058fff,18,No
2024-08-12,e2058fff,19,Yes
2024-08-12,e2058fff,20,No
2024-08-12,e2058fff,21,No
2024-08-12,e2058fff,22,No
2024-08-12,e2058fff,23,No
2024-08-12,e2058fff,24,No
2024-08-12,e2058fff,25,No
2024-08-12,e2058fff,26,Yes
2024-08-12,e2058fff,27,Yes
2024-08-12,e2058fff,28,Yes
2024-08-12,e2058fff,29,Yes
2024-08-12,e2058fff,30,No
2024-08-12,e2058fff,31,Yes
2024-08-12,e2058fff,32,No
2024-08-12,e2058fff,33,Yes
2024-08-12,e2058fff,34,No
2024-08-12,e2058fff,35,No
2024-08-12,e2058fff,36,No
2024-08-12,e2058fff,37,Yes
2024-08-12,e2058fff,38,No
2024-08-12,e2058fff,39,Yes
2024-08-12,e2058fff,40,No
2024-08-12,e2058fff,41,No
2024-08-12,e2058fff,42,No
2024-08-12,e2058fff,43,No
2024-08-12,e2058fff,44,Yes
2024-08-12,e2058fff,45,No
2024-08-12,e2058fff,46,No
2024-08-12,e2058fff,47,No
2024-08-12,e2058fff,48,Yes
2024-08-12,e2058fff,49,Yes
2024-08-12,e2058fff,50,Yes
2024-08-19,1d25c05d,1,No
2024-08-19,1d25c05d,2,No
2024-08-19,1d25c05d,3,Yes
2024-08-19,1d25c05d,4,No
2024-08-19,1d25c05d,5,No
2024-08-19,1d25c05d,6,Yes
2024-08-19,1d25c05d,7,Yes
2024-08-19,1d25c05d,8,No
2024-08-19,1d25c05d,9,Yes
2024-08-19,1d25c05d,10,Yes
2024-08-19,1d25c05d,11,No
2024-08-19,1d25c05d,12,No
2024-08-19,1d25c05d,13,Yes
2024-08-19,1d25c05d,14,No
2024-08-19,1d25c05d,15,Yes
2024-08-19,1d25c05d,16,No
2024-08-19,1d25c05d,17,No
2024-08-19,1d25c05d,18,Yes
2024-08-19,1d25c05d,19,Yes
2024-08-19,1d25c05d,20,Yes
2024-08-19,1d25c05d,21,Yes
2024-08-19,1d25c05d,22,Yes
2024-08-19,1d25c05d,23,Yes
2024-08-19,1d25c05d,24,No
2024-08-19,1d25c05d,25,No
2024-08-19,1d25c05d,26,Yes
2024-08-19,1d25c05d,27,Yes
2024-08-19,1d25c05d,28,No
2024-08-19,1d25c05d,29,Yes
2024-08-19,1d25c05d,30,Yes
2024-08-19,1d25c05d,31,No
2024-08-19,1d25c05d,32,Yes
2024-08-19,1d25c05d,33,Yes
2024-08-19,1d25c05d,34,Yes
2024-08-19,1d25c05d,35,Yes
2024-08-19,1d25c05d,36,Yes
2024-08-19,1d25c05d,37,No
2024-08-19,1d25c05d,38,No
2024-08-19,1d25c05d,39,Yes
2024-08-19,1d25c05d,40,No
2024-08-19,1d25c05d,41,Yes
2024-08-19,1d25c05d,42,No
2024-08-19,1d25c05d,43,No
2024-08-19,1d25c05d,44,Yes
2024-08-19,1d25c05d,45,No
2024-08-19,1d25c05d,46,Yes
2024-08-19,1d25c05d,47,Yes
2024-08-19,1d25c05d,48,No
2024-08-19,1d25c05d,49,Yes
2024-08-19,1d25c05d,50,Yes
2024-08-26,fb3483f1,1,No
2024-08-26,fb3483f1,2,Yes
2024-08-26,fb3483f1,3,Yes
2024-08-26,fb3483f1,4,Yes
2024-08-26,fb3483f1,5,No
2024-08-26,fb3483f1,6,Yes
2024-08-26,fb3483f1,7,No
2024-08-26,fb3483f1,8,No
2024-08-26,fb3483f1,9,No
2024-08-26,fb3483f1,10,Yes
2024-08-26,fb3483f1,11,No
2024-08-26,fb3483f1,12,Yes
2024-08-26,fb3483f1,13,No
2024-08-26,fb3483f1,14,Yes
2024-08-26,fb3483f1,15,No
2024-08-26,fb3483f1,16,Yes
2024-08-26,fb3483f1,17,Yes
2024-08-26,fb3483f1,18,Yes
2024-08-26,fb3483f1,19,No
2024-08-26,fb3483f1,20,No
2024-08-26,fb3483f1,21,Yes
2024-08-26,fb3483f1,22,Yes
2024-08-26,fb3483f1,23,No
2024-08-26,fb3483f1,24,Yes
2024-08-26,fb3483f1,25,Yes
2024-08-26,fb3483f1,26,No
2024-08-26,fb3483f1,27,Yes
2024-08-26,fb3483f1,28,Yes
2024-08-26,fb3483f1,29,No
2024-08-26,fb3483f1,30,Yes
2024-08-26,fb3483f1,31,Yes
2024-08-26,fb3483f1,32,No
2024-08-26,fb3483f1,33,Yes
2024-08-26,fb3483f1,34,Yes
2024-08-26,fb3483f1,35,No
2024-08-26,fb3483f1,36,No
2024-08-26,fb3483f1,37,Yes
2024-08-26,fb3483f1,38,Yes
2024-08-26,fb3483f1,39,No
2024-08-26,fb3483f1,40,No
2024-08-26,fb3483f1,41,Yes
2024-08-26,fb3483f1,42,Yes
2024-08-26,fb3483f1,43,No
2024-08-26,fb3483f1,44,No
2024-08-26,fb3483f1,45,Yes
2024-08-26,fb3483f1,46,Yes
2024-08-26,fb3483f1,47,Yes
2024-08-26,fb3483f1,48,Yes
2024-08-26,fb3483f1,49,No
2024-08-26,fb3483f1,50,Yes
2024-09-02,7df95d88,1,Yes
2024-09-02,7df95d88,2,Yes
2024-09-02,7df95d88,3,Yes
2024-09-02,7df95d88,4,No
2024-09-02,7df95d88,5,Yes
2024-09-02,7df95d88,6,Yes
2024-09-02,7df95d88,7,No
2024-09-02,7df95d88,8,No
2024-09-02,7df95d88,9,No
2024-09-02,7df95d88,10,Yes
2024-09-02,7df95d88,11,No
2024-09-02,7df95d88,12,No
2024-09-02,7df95d88,13,No
2024-09-02,7df95d88,14,Yes
2024-09-02,7df95d88,15,No
2024-09-02,7df95d88,16,Yes
2024-09-02,7df95d88,17,No
2024-09-02,7df95d88,18,Yes
2024-09-02,7df95d88,19,No
2024-09-02,7df95d88,20,Yes
2024-09-02,7df95d88,21,No
2024-09-02,7df95d88,22,Yes
2024-09-02,7df95d88,23,Yes
2024-09-02,7df95d88,24,No
2024-09-02,7df95d88,25,No
2024-09-02,7df95d88,26,Yes
2024-09-02,7df95d88,27,Yes
2024-09-02,7df95d88,28,Yes
2024-09-02,7df95d88,29,No
2024-09-02,7df95d88,30,No
2024-09-02,7df95d88,31,No
2024-09-02,7df95d88,32,No
2024-09-02,7df95d88,33,No
2024-09-02,7df95d88,34,Yes
2024-09-02,7df95d88,35,No
2024-09-02,7df95d88,36,No
2024-09-02,7df95d88,37,Yes
2024-09-02,7df95d88,38,No
2024-09-02,7df95d88,39,No
2024-09-02,7df95d88,40,Yes
2024-09-02,7df95d88,41,No
2024-09-02,7df95d88,42,Yes
2024-09-02,7df95d88,43,No
2024-09-02,7df95d88,44,Yes
2024-09-02,7df95d88,45,Yes
2024-09-02,7df95d88,46,No
2024-09-02,7df95d88,47,No
2024-09-02,7df95d88,48,No
2024-09-02,7df95d88,49,Yes
2024-09-02,7df95d88,50,No
2024-09-09,942e66bb,1,Yes
2024-09-09,942e66bb,2,No
2024-09-09,942e66bb,3,Yes
2024-09-09,942e66bb,4,Yes
2024-09-09,942e66bb,5,No
2024-09-09,942e66bb,6,Yes
2024-09-09,942e66bb,7,Yes
2024-09-09,942e66bb,8,Yes
2024-09-09,942e66bb,9,Yes
2024-09-09,942e66bb,10,No
2024-09-09,942e66bb,11,No
2024-09-09,942e66bb,12,No
2024-09-09,942e66bb,13,Yes
2024-09-09,942e66bb,14,No
2024-09-09,942e66bb,15,No
2024-09-09,942e66bb,16,No
2024-09-09,942e66bb,17,Yes
2024-09-09,942e66bb,18,Yes
2024-09-09,942e66bb,19,No
2024-09-09,942e66bb,20,No
2024-09-09,942e66bb,21,Yes
2024-09-09,942e66bb,22,Yes
2024-09-09,942e66bb,23,Yes
2024-09-09,942e66bb,24,No
2024-09-09,942e66bb,25,No
2024-09-09,942e66bb,26,No
2024-09-09,942e66bb,27,Yes
2024-09-09,942e66bb,28,Yes
2024-09-09,942e66bb,29,No
2024-09-09,942e66bb,30,No
2024-09-09,942e66bb,31,Yes
2024-09-09,942e66bb,32,Yes
2024-09-09,942e66bb,33,No
2024-09-09,942e66bb,34,No
2024-09-09,942e66bb,35,No
2024-09-09,942e66bb,36,No
2024-09-09,942e66bb,37,No
2024-09-09,942e66bb,38,No
2024-09-09,942e66bb,39,No
2024-09-09,942e66bb,40,Yes
2024-09-09,942e66bb,41,No
2024-09-09,942e66bb,42,Yes
2024-09-09,942e66bb,43,Yes
2024-09-09,942e66bb,44,Yes
2024-09-09,942e66bb,45,Yes
2024-09-09,942e66bb,46,Yes
2024-09-09,942e66bb,47,Yes
2024-09-09,942e66bb,48,Yes
2024-09-09,942e66bb,49,Yes
2024-09-09,942e66bb,50,Yes
2024-09-16,ec188f5a,1,No
2024-09-16,ec188f5a,2,Yes
2024-09-16,ec188f5a,3,No
2024-09-16,ec188f5a,4,Yes
2024-09-16,ec188f5a,5,No
2024-09-16,ec188f5a,6,Yes
2024-09-16,ec188f5a,7,No
2024-09-16,ec188f5a,8,Yes
2024-09-16,ec188f5a,9,Yes
2024-09-16,ec188f5a,10,Yes
2024-09-16,ec188f5a,11,Yes
2024-09-16,ec188f5a,12,Yes
2024-09-16,ec188f5a,13,Yes
2024-09-16,ec188f5a,14,Yes
2024-09-16,ec188f5a,15,No
2024-09-16,ec188f5a,16,Yes
2024-09-16,ec188f5a,17,Yes
2024-09-16,ec188f5a,18,No
2024-09-16,ec188f5a,19,Yes
2024-09-16,ec188f5a,20,Yes
2024-09-16,ec188f5a,21,Yes
2024-09-16,ec188f5a,22,Yes
2024-09-16,ec188f5a,23,Yes
2024-09-16,ec188f5a,24,No
2024-09-16,ec188f5a,25,Yes
2024-09-16,ec188f5a,26,No
2024-09-16,ec188f5a,27,No
2024-09-16,ec188f5a,28,No
2024-09-16,ec188f5a,29,Yes
2024-09-16,ec188f5a,30,No
2024-09-16,ec188f5a,31,No
2024-09-16,ec188f5a,32,Yes
2024-09-16,ec188f5a,33,No
2024-09-16,ec188f5a,34,Yes
2024-09-16,ec188f5a,35,Yes
2024-09-16,ec188f5a,36,Yes
2024-09-16,ec188f5a,37,Yes
2024-09-16,ec188f5a,38,Yes
2024-09-16,ec188f5a,39,No
2024-09-16,ec188f5a,40,No
2024-09-16,ec188f5a,41,No
2024-09-16,ec188f5a,42,Yes
2024-09-16,ec188f5a,43,No
2024-09-16,ec188f5a,44,Yes
2024-09-16,ec188f5a,45,Yes
2024-09-16,ec188f5a,46,Yes
2024-09-16,ec188f5a,47,No
2024-09-16,ec188f5a,48,No
2024-09-16,ec188f5a,49,Yes
2024-09-16,ec188f5a,50,Yes
2024-09-23,d4294628,1,No
2024-09-23,d4294628,2,Yes
2024-09-23,d4294628,3,Yes
2024-09-23,d4294628,4,Yes
2024-09-23,d4294628,5,Yes
2024-09-23,d4294628,6,Yes
2024-09-23,d4294628,7,No
2024-09-23,d4294628,8,No
2024-09-23,d4294628,9,No
2024-09-23,d4294628,10,Yes
2024-09-23,d4294628,11,No
2024-09-23,d4294628,12,Yes
2024-09-23,d4294628,13,No
2024-09-23,d4294628,14,Yes
2024-09-23,d4294628,15,No
2024-09-23,d4294628,16,Yes
2024-09-23,d4294628,17,No
2024-09-23,d4294628,18,Yes
2024-09-23,d4294628,19,No
2024-09-23,d4294628,20,No
2024-09-23,d4294628,21,Yes
2024-09-23,d4294628,22,Yes
2024-09-23,d4294628,23,Yes
2024-09-23,d4294628,24,No
2024-09-23,d4294628,25,Yes
2024-09-23,d4294628,26,Yes
2024-09-23,d4294628,27,Yes
2024-09-23,d4294628,28,Yes
2024-09-23,d4294628,29,Yes
2024-09-23,d4294628,30,Yes
2024-09-23,d4294628,31,Yes
2024-09-23,d4294628,32,Yes
2024-09-23,d4294628,33,No
2024-09-23,d4294628,34,Yes
2024-09-23,d4294628,35,Yes
2024-09-23,d4294628,36,No
2024-09-23,d4294628,37,Yes
2024-09-23,d4294628,38,Yes
2024-09-23,d4294628,39,Yes
2024-09-23,d4294628,40,No
2024-09-23,d4294628,41,No
2024-09-23,d4294628,42,No
2024-09-23,d4294628,43,No
2024-09-23,d4294628,44,Yes
2024-09-23,d4294628,45,Yes
2024-09-23,d4294628,46,No
2024-09-23,d4294628,47,Yes
2024-09-23,d4294628,48,Yes
2024-09-23,d4294628,49,No
2024-09-23,d4294628,50,Yes
2024-09-30,25e94119,1,No
2024-09-30,25e94119,2,Yes
2024-09-30,25e94119,3,No
2024-09-30,25e94119,4,Yes
2024-09-30,25e94119,5,Yes
2024-09-30,25e94119,6,No
2024-09-30,25e94119,7,No
2024-09-30,25e94119,8,No
2024-09-30,25e94119,9,Yes
2024-09-30,25e94119,10,Yes
2024-09-30,25e94119,11,Yes
2024-09-30,25e94119,12,Yes
2024-09-30,25e94119,13,Yes
2024-09-30,25e94119,14,Yes
2024-09-30,25e94119,15,Yes
2024-09-30,25e94119,16,Yes
2024-09-30,25e94119,17,Yes
2024-09-30,25e94119,18,No
2024-09-30,25e94119,19,No
2024-09-30,25e94119,20,No
2024-09-30,25e94119,21,No
2024-09-30,25e94119,22,No
2024-09-30,25e94119,23,No
2024-09-30,25e94119,24,No
2024-09-30,25e94119,25,Yes
2024-09-30,25e94119,26,Yes
2024-09-30,25e94119,27,Yes
2024-09-30,25e94119,28,No
2024-09-30,25e94119,29,Yes
2024-09-30,25e94119,30,No
2024-09-30,25e94119,31,No
2024-09-30,25e94119,32,No
2024-09-30,25e94119,33,No
2024-09-30,25e94119,34,No
2024-09-30,25e94119,35,No
2024-09-30,25e94119,36,Yes
2024-09-30,25e94119,37,Yes
2024-09-30,25e94119,38,Yes
2024-09-30,25e94119,39,No
2024-09-30,25e94119,40,Yes
2024-09-30,25e94119,41,Yes
2024-09-30,25e94119,42,Yes
2024-09-30,25e94119,43,No
2024-09-30,25e94119,44,Yes
2024-09-30,25e94119,45,No
2024-09-30,25e94119,46,No
2024-09-30,25e94119,47,No
2024-09-30,25e94119,48,Yes
2024-09-30,25e94119,49,Yes
2024-09-30,25e94119,50,Yes
2024-10-07,b827e767,1,No
2024-10-07,b827e767,2,No
2024-10-07,b827e767,3,No
2024-10-07,b827e767,4,Yes
2024-10-07,b827e767,5,No
2024-10-07,b827e767,6,Yes
2024-10-07,b827e767,7,Yes
2024-10-07,b827e767,8,Yes
2024-10-07,b827e767,9,No
2024-10-07,b827e767,10,No
2024-10-07,b827e767,11,Yes
2024-10-07,b827e767,12,Yes
2024-10-07,b827e767,13,Yes
2024-10-07,b827e767,14,No
2024-10-07,b827e767,15,No
2024-10-07,b827e767,16,No
2024-10-07,b827e767,17,Yes
2024-10-07,b827e767,18,No
2024-10-07,b827e767,19,No
2024-10-07,b827e767,20,No
2024-10-07,b827e767,21,Yes
2024-10-07,b827e767,22,No
2024-10-07,b827e767,23,Yes
2024-10-07,b827e767,24,No
2024-10-07,b827e767,25,No
2024-10-07,b827e767,26,Yes
2024-10-07,b827e767,27,No
2024-10-07,b827e767,28,Yes
2024-10-07,b827e767,29,No
2024-10-07,b827e767,30,Yes
2024-10-07,b827e767,31,Yes
2024-10-07,b827e767,32,Yes
2024-10-07,b827e767,33,No
2024-10-07,b827e767,34,Yes
2024-10-07,b827e767,35,Yes
2024-10-07,b827e767,36,No
2024-10-07,b827e767,37,Yes
2024-10-07,b827e767,38,Yes
2024-10-07,b827e767,39,Yes
2024-10-07,b827e767,40,No
2024-10-07,b827e767,41,No
2024-10-07,b827e767,42,No
2024-10-07,b827e767,43,Yes
2024-10-07,b827e767,44,Yes
2024-10-07,b827e767,45,No
2024-10-07,b827e767,46,Yes
2024-10-07,b827e767,47,Yes
2024-10-07,b827e767,48,Yes
2024-10-07,b827e767,49,No
2024-10-07,b827e767,50,Yes
2024-10-14,e130d6fc,1,Yes
2024-10-14,e130d6fc,2,Yes
2024-10-14,e130d6fc,3,Yes
2024-10-14,e130d6fc,4,Yes
2024-10-14,e130d6fc,5,Yes
2024-10-14,e130d6fc,6,No
2024-10-14,e130d6fc,7,No
2024-10-14,e130d6fc,8,Yes
2024-10-14,e130d6fc,9,No
2024-10-14,e130d6fc,10,No
2024-10-14,e130d6fc,11,Yes
2024-10-14,e130d6fc,12,No
2024-10-14,e130d6fc,13,No
2024-10-14,e130d6fc,14,Yes
2024-10-14,e130d6fc,15,No
2024-10-14,e130d6fc,16,No
2024-10-14,e130d6fc,17,No
2024-10-14,e130d6fc,18,Yes
2024-10-14,e130d6fc,19,No
2024-10-14,e130d6fc,20,Yes
2024-10-14,e130d6fc,21,No
2024-10-14,e130d6fc,22,No
2024-10-14,e130d6fc,23,Yes
2024-10-14,e130d6fc,24,No
2024-10-14,e130d6fc,25,No
2024-10-14,e130d6fc,26,Yes
2024-10-14,e130d6fc,27,Yes
2024-10-14,e130d6fc,28,No
2024-10-14,e130d6fc,29,No
2024-10-14,e130d6fc,30,No
2024-10-14,e130d6fc,31,Yes
2024-10-14,e130d6fc,32,No
2024-10-14,e130d6fc,33,No
2024-10-14,e130d6fc,34,Yes
2024-10-14,e130d6fc,35,No
2024-10-14,e130d6fc,36,No
2024-10-14,e130d6fc,37,No
2024-10-14,e130d6fc,38,No
2024-10-14,e130d6fc,39,Yes
2024-10-14,e130d6fc,40,Yes
2024-10-14,e130d6fc,41,No
2024-10-14,e130d6fc,42,Yes
2024-10-14,e130d6fc,43,Yes
2024-10-14,e130d6fc,44,Yes
2024-10-14,e130d6fc,45,Yes
2024-10-14,e130d6fc,46,Yes
2024-10-14,e130d6fc,47,No
2024-10-14,e130d6fc,48,No
2024-10-14,e130d6fc,49,No
2024-10-14,e130d6fc,50,No
2024-10-21,32752f3d,1,No
2024-10-21,32752f3d,2,Yes
2024-10-21,32752f3d,3,Yes
2024-10-21,32752f3d,4,Yes
2024-10-21,32752f3d,5,Yes
2024-10-21,32752f3d,6,Yes
2024-10-21,32752f3d,7,Yes
2024-10-21,32752f3d,8,No
2024-10-21,32752f3d,9,Yes
2024-10-21,32752f3d,10,Yes
2024-10-21,32752f3d,11,Yes
2024-10-21,32752f3d,12,Yes
2024-10-21,32752f3d,13,Yes
2024-10-21,32752f3d,14,Yes
2024-10-21,32752f3d,15,Yes
2024-10-21,32752f3d,16,No
2024-10-21,32752f3d,17,No
2024-10-21,32752f3d,18,Yes
2024-10-21,32752f3d,19,No
2024-10-21,32752f3d,20,No
2024-10-21,32752f3d,21,No
2024-10-21,32752f3d,22,No
2024-10-21,32752f3d,23,No
2024-10-21,32752f3d,24,No
2024-10-21,32752f3d,25,No
2024-10-21,32752f3d,26,Yes
2024-10-21,32752f3d,27,Yes
2024-10-21,32752f3d,28,Yes
2024-10-21,32752f3d,29,Yes
2024-10-21,32752f3d,30,Yes
2024-10-21,32752f3d,31,Yes
2024-10-21,32752f3d,32,Yes
2024-10-21,32752f3d,33,Yes
2024-10-21,32752f3d,34,No
2024-10-21,32752f3d,35,Yes
2024-10-21,32752f3d,36,Yes
2024-10-21,32752f3d,37,No
2024-10-21,32752f3d,38,Yes
2024-10-21,32752f3d,39,No
2024-10-21,32752f3d,40,No
2024-10-21,32752f3d,41,Yes
2024-10-21,32752f3d,42,No
2024-10-21,32752f3d,43,No
2024-10-21,32752f3d,44,No
2024-10-21,32752f3d,45,No
2024-10-21,32752f3d,46,No
2024-10-21,32752f3d,47,No
2024-10-21,32752f3d,48,No
2024-10-21,32752f3d,49,No
2024-10-21,32752f3d,50,No
2024-10-28,a43dd687,1,No
2024-10-28,a43dd687,2,No
2024-10-28,a43dd687,3,No
2024-10-28,a43dd687,4,Yes
2024-10-28,a43dd687,5,Yes
2024-10-28,a43dd687,6,Yes
2024-10-28,a43dd687,7,Yes
2024-10-28,a43dd687,8,No
2024-10-28,a43dd687,9,Yes
2024-10-28,a43dd687,10,No
2024-10-28,a43dd687,11,Yes
2024-10-28,a43dd687,12,No
2024-10-28,a43dd687,13,No
2024-10-28,a43dd687,14,Yes
2024-10-28,a43dd687,15,No
2024-10-28,a43dd687,16,Yes
2024-10-28,a43dd687,17,No
2024-10-28,a43dd687,18,Yes
2024-10-28,a43dd687,19,Yes
2024-10-28,a43dd687,20,Yes
2024-10-28,a43dd687,21,Yes
2024-10-28,a43dd687,22,No
2024-10-28,a43dd687,23,No
2024-10-28,a43dd687,24,No
2024-10-28,a43dd687,25,Yes
2024-10-28,a43dd687,26,Yes
2024-10-28,a43dd687,27,Yes
2024-10-28,a43dd687,28,No
2024-10-28,a43dd687,29,No
2024-10-28,a43dd687,30,Yes
2024-10-28,a43dd687,31,No
2024-10-28,a43dd687,32,Yes
2024-10-28,a43dd687,33,No
2024-10-28,a43dd687,34,No
2024-10-28,a43dd687,35,Yes
2024-10-28,a43dd687,36,No
2024-10-28,a43dd687,37,Yes
2024-10-28,a43dd687,38,No
2024-10-28,a43dd687,39,Yes
2024-10-28,a43dd687,40,Yes
2024-10-28,a43dd687,41,No
2024-10-28,a43dd687,42,Yes
2024-10-28,a43dd687,43,No
2024-10-28,a43dd687,44,Yes
2024-10-28,a43dd687,45,Yes
2024-10-28,a43dd687,46,Yes
2024-10-28,a43dd687,47,Yes
2024-10-28,a43dd687,48,Yes
2024-10-28,a43dd687,49,No
2024-10-28,a43dd687,50,No
2024-11-04,0bed428c,1,Yes
2024-11-04,0bed428c,2,No
2024-11-04,0bed428c,3,No
2024-11-04,0bed428c,4,Yes
2024-11-04,0bed428c,5,No
2024-11-04,0bed428c,6,Yes
2024-11-04,0bed428c,7,Yes
2024-11-04,0bed428c,8,Yes
2024-11-04,0bed428c,9,Yes
2024-11-04,0bed428c,10,Yes
2024-11-04,0bed428c,11,No
2024-11-04,0bed428c,12,Yes
2024-11-04,0bed428c,13,Yes
2024-11-04,0bed428c,14,Yes
2024-11-04,0bed428c,15,No
2024-11-04,0bed428c,16,No
2024-11-04,0bed428c,17,No
2024-11-04,0bed428c,18,No
2024-11-04,0bed428c,19,No
2024-11-04,0bed428c,20,Yes
2024-11-04,0bed428c,21,No
2024-11-04,0bed428c,22,No
2024-11-04,0bed428c,23,No
2024-11-04,0bed428c,24,Yes
2024-11-04,0bed428c,25,No
2024-11-04,0bed428c,26,No
2024-11-04,0bed428c,27,No
2024-11-04,0bed428c,28,No
2024-11-04,0bed428c,29,Yes
2024-11-04,0bed428c,30,Yes
2024-11-04,0bed428c,31,Yes
2024-11-04,0bed428c,32,No
2024-11-04,0bed428c,33,No
2024-11-04,0bed428c,34,Yes
2024-11-04,0bed428c,35,Yes
2024-11-04,0bed428c,36,Yes
2024-11-04,0bed428c,37,Yes
2024-11-04,0bed428c,38,Yes
2024-11-04,0bed428c,39,Yes
2024-11-04,0bed428c,40,No
2024-11-04,0bed428c,41,No
2024-11-04,0bed428c,42,No
2024-11-04,0bed428c,43,Yes
2024-11-04,0bed428c,44,No
2024-11-04,0bed428c,45,No
2024-11-04,0bed428c,46,No
2024-11-04,0bed428c,47,Yes
2024-11-04,0bed428c,48,No
2024-11-04,0bed428c,49,Yes
2024-11-04,0bed428c,50,No
2024-11-11,4da444f1,1,Yes
2024-11-11,4da444f1,2,Yes
2024-11-11,4da444f1,3,No
2024-11-11,4da444f1,4,Yes
2024-11-11,4da444f1,5,Yes
2024-11-11,4da444f1,6,No
2024-11-11,4da444f1,7,No
2024-11-11,4da444f1,8,No
2024-11-11,4da444f1,9,No
2024-11-11,4da444f1,10,Yes
2024-11-11,4da444f1,11,No
2024-11-11,4da444f1,12,Yes
2024-11-11,4da444f1,13,No
2024-11-11,4da444f1,14,Yes
2024-11-11,4da444f1,15,No
2024-11-11,4da444f1,16,Yes
2024-11-11,4da444f1,17,Yes
2024-11-11,4da444f1,18,No
2024-11-11,4da444f1,19,Yes
2024-11-11,4da444f1,20,No
2024-11-11,4da444f1,21,Yes
2024-11-11,4da444f1,22,Yes
2024-11-11,4da444f1,23,No
2024-11-11,4da444f1,24,No
2024-11-11,4da444f1,25,No
2024-11-11,4da444f1,26,No
2024-11-11,4da444f1,27,Yes
2024-11-11,4da444f1,28,No
2024-11-11,4da444f1,29,Yes
2024-11-11,4da444f1,30,Yes
2024-11-11,4da444f1,31,Yes
2024-11-11,4da444f1,32,No
2024-11-11,4da444f1,33,No
2024-11-11,4da444f1,34,Yes
2024-11-11,4da444f1,35,No
2024-11-11,4da444f1,36,No
2024-11-11,4da444f1,37,Yes
2024-11-11,4da444f1,38,Yes
2024-11-11,4da444f1,39,No
2024-11-11,4da444f1,40,Yes
2024-11-11,4da444f1,41,Yes
2024-11-11,4da444f1,42,Yes
2024-11-11,4da444f1,43,No
2024-11-11,4da444f1,44,No
2024-11-11,4da444f1,45,Yes
2024-11-11,4da444f1,46,No
2024-11-11,4da444f1,47,Yes
2024-11-11,4da444f1,48,Yes
2024-11-11,4da444f1,49,Yes
2024-11-11,4da444f1,50,No
2024-11-18,ea00c128,1,No
2024-11-18,ea00c128,2,Yes
2024-11-18,ea00c128,3,Yes
2024-11-18,ea00c128,4,Yes
2024-11-18,ea00c128,5,No
2024-11-18,ea00c128,6,Yes
2024-11-18,ea00c128,7,No
2024-11-18,ea00c128,8,Yes
2024-11-18,ea00c128,9,Yes
2024-11-18,ea00c128,10,Yes
2024-11-18,ea00c128,11,No
2024-11-18,ea00c128,12,Yes
2024-11-18,ea00c128,13,Yes
2024-11-18,ea00c128,14,No
2024-11-18,ea00c128,15,Yes
2024-11-18,ea00c128,16,No
2024-11-18,ea00c128,17,Yes
2024-11-18,ea00c128,18,No
2024-11-18,ea00c128,19,Yes
2024-11-18,ea00c128,20,Yes
2024-11-18,ea00c128,21,Yes
2024-11-18,ea00c128,22,No
2024-11-18,ea00c128,23,No
2024-11-18,ea00c128,24,Yes
2024-11-18,ea00c128,25,No
2024-11-18,ea00c128,26,Yes
2024-11-18,ea00c128,27,Yes
2024-11-18,ea00c128,28,No
2024-11-18,ea00c128,29,No
2024-11-18,ea00c128,30,Yes
2024-11-18,ea00c128,31,No
2024-11-18,ea00c128,32,Yes
2024-11-18,ea00c128,33,No
2024-11-18,ea00c128,34,Yes
2024-11-18,ea00c128,35,No
2024-11-18,ea00c128,36,Yes
2024-11-18,ea00c128,37,No
2024-11-18,ea00c128,38,Yes
2024-11-18,ea00c128,39,No
2024-11-18,ea00c128,40,No
2024-11-18,ea00c128,41,No
2024-11-18,ea00c128,42,No
2024-11-18,ea00c128,43,Yes
2024-11-18,ea00c128,44,Yes
2024-11-18,ea00c128,45,No
2024-11-18,ea00c128,46,No
2024-11-18,ea00c128,47,Yes
2024-11-18,ea00c128,48,No
2024-11-18,ea00c128,49,No
2024-11-18,ea00c128,50,No
2024-11-25,27c39c61,1,Yes
2024-11-25,27c39c61,2,No
2024-11-25,27c39c61,3,Yes
2024-11-25,27c39c61,4,Yes
2024-11-25,27c39c61,5,Yes
2024-11-25,27c39c61,6,Yes
2024-11-25,27c39c61,7,Yes
2024-11-25,27c39c61,8,Yes
2024-11-25,27c39c61,9,Yes
2024-11-25,27c39c61,10,Yes
2024-11-25,27c39c61,11,No
2024-11-25,27c39c61,12,No
2024-11-25,27c39c61,13,No
2024-11-25,27c39c61,14,No
2024-11-25,27c39c61,15,No
2024-11-25,27c39c61,16,No
2024-11-25,27c39c61,17,No
2024-11-25,27c39c61,18,Yes
2024-11-25,27c39c61,19,No
2024-11-25,27c39c61,20,Yes
2024-11-25,27c39c61,21,Yes
2024-11-25,27c39c61,22,No
2024-11-25,27c39c61,23,Yes
2024-11-25,27c39c61,24,No
2024-11-25,27c39c61,25,No
2024-11-25,27c39c61,26,No
2024-11-25,27c39c61,27,Yes
2024-11-25,27c39c61,28,No
2024-11-25,27c39c61,29,Yes
2024-11-25,27c39c61,30,Yes
2024-11-25,27c39c61,31,Yes
2024-11-25,27c39c61,32,Yes
2024-11-25,27c39c61,33,Yes
2024-11-25,27c39c61,34,No
2024-11-25,27c39c61,35,No
2024-11-25,27c39c61,36,Yes
2024-11-25,27c39c61,37,Yes
2024-11-25,27c39c61,38,No
2024-11-25,27c39c61,39,No
2024-11-25,27c39c61,40,No
2024-11-25,27c39c61,41,No
2024-11-25,27c39c61,42,Yes
2024-11-25,27c39c61,43,No
2024-11-25,27c39c61,44,No
2024-11-25,27c39c61,45,Yes
2024-11-25,27c39c61,46,Yes
2024-11-25,27c39c61,47,Yes
2024-11-25,27c39c61,48,No
2024-11-25,27c39c61,49,No
2024-11-25,27c39c61,50,No
2024-12-02,d4b1e7b1,1,No
2024-12-02,d4b1e7b1,2,No
2024-12-02,d4b1e7b1,3,Yes
2024-12-02,d4b1e7b1,4,No
2024-12-02,d4b1e7b1,5,No
2024-12-02,d4b1e7b1,6,Yes
2024-12-02,d4b1e7b1,7,No
2024-12-02,d4b1e7b1,8,Yes
2024-12-02,d4b1e7b1,9,No
2024-12-02,d4b1e7b1,10,No
2024-12-02,d4b1e7b1,11,No
2024-12-02,d4b1e7b1,12,Yes
2024-12-02,d4b1e7b1,13,Yes
2024-12-02,d4b1e7b1,14,No
2024-12-02,d4b1e7b1,15,No
2024-12-02,d4b1e7b1,16,No
2024-12-02,d4b1e7b1,17,Yes
2024-12-02,d4b1e7b1,18,Yes
2024-12-02,d4b1e7b1,19,No
2024-12-02,d4b1e7b1,20,Yes
2024-12-02,d4b1e7b1,21,Yes
2024-12-02,d4b1e7b1,22,No
2024-12-02,d4b1e7b1,23,No
2024-12-02,d4b1e7b1,24,No
2024-12-02,d4b1e7b1,25,Yes
2024-12-02,d4b1e7b1,26,No
2024-12-02,d4b1e7b1,27,Yes
2024-12-02,d4b1e7b1,28,No
2024-12-02,d4b1e7b1,29,No
2024-12-02,d4b1e7b1,30,Yes
2024-12-02,d4b1e7b1,31,Yes
2024-12-02,d4b1e7b1,32,No
2024-12-02,d4b1e7b1,33,No
2024-12-02,d4b1e7b1,34,Yes
2024-12-02,d4b1e7b1,35,Yes
2024-12-02,d4b1e7b1,36,No
2024-12-02,d4b1e7b1,37,Yes
2024-12-02,d4b1e7b1,38,No
2024-12-02,d4b1e7b1,39,Yes
2024-12-02,d4b1e7b1,40,No
2024-12-02,d4b1e7b1,41,No
2024-12-02,d4b1e7b1,42,Yes
2024-12-02,d4b1e7b1,43,No
2024-12-02,d4b1e7b1,44,No
2024-12-02,d4b1e7b1,45,No
2024-12-02,d4b1e7b1,46,Yes
2024-12-02,d4b1e7b1,47,Yes
2024-12-02,d4b1e7b1,48,No
2024-12-02,d4b1e7b1,49,Yes
2024-12-02,d4b1e7b1,50,Yes
2024-12-09,2fe50e57,1,No
2024-12-09,2fe50e57,2,Yes
2024-12-09,2fe50e57,3,No
2024-12-09,2fe50e57,4,Yes
2024-12-09,2fe50e57,5,Yes
2024-12-09,2fe50e57,6,Yes
2024-12-09,2fe50e57,7,Yes
2024-12-09,2fe50e57,8,Yes
2024-12-09,2fe50e57,9,Yes
2024-12-09,2fe50e57,10,No
2024-12-09,2fe50e57,11,Yes
2024-12-09,2fe50e57,12,No
2024-12-09,2fe50e57,13,No
2024-12-09,2fe50e57,14,No
2024-12-09,2fe50e57,15,Yes
2024-12-09,2fe50e57,16,Yes
2024-12-09,2fe50e57,17,Yes
2024-12-09,2fe50e57,18,No
2024-12-09,2fe50e57,19,No
2024-12-09,2fe50e57,20,No
2024-12-09,2fe50e57,21,No
2024-12-09,2fe50e57,22,No
2024-12-09,2fe50e57,23,Yes
2024-12-09,2fe50e57,24,No
2024-12-09,2fe50e57,25,Yes
2024-12-09,2fe50e57,26,No
2024-12-09,2fe50e57,27,No
2024-12-09,2fe50e57,28,No
2024-12-09,2fe50e57,29,Yes
2024-12-09,2fe50e57,30,Yes
2024-12-09,2fe50e57,31,No
2024-12-09,2fe50e57,32,Yes
2024-12-09,2fe50e57,33,No
2024-12-09,2fe50e57,34,Yes
2024-12-09,2fe50e57,35,No
2024-12-09,2fe50e57,36,No
2024-12-09,2fe50e57,37,Yes
2024-12-09,2fe50e57,38,No
2024-12-09,2fe50e57,39,No
2024-12-09,2fe50e57,40,No
2024-12-09,2fe50e57,41,Yes
2024-12-09,2fe50e57,42,Yes
2024-12-09,2fe50e57,43,Yes
2024-12-09,2fe50e57,44,No
2024-12-09,2fe50e57,45,Yes
2024-12-09,2fe50e57,46,Yes
2024-12-09,2fe50e57,47,Yes
2024-12-09,2fe50e57,48,No
2024-12-09,2fe50e57,49,Yes
2024-12-09,2fe50e57,50,No
2024-12-16,ce494c9c,1,Yes
2024-12-16,ce494c9c,2,Yes
2024-12-16,ce494c9c,3,No
2024-12-16,ce494c9c,4,Yes
2024-12-16,ce494c9c,5,No
2024-12-16,ce494c9c,6,Yes
2024-12-16,ce494c9c,7,No
2024-12-16,ce494c9c,8,Yes
2024-12-16,ce494c9c,9,No
2024-12-16,ce494c9c,10,Yes
2024-12-16,ce494c9c,11,Yes
2024-12-16,ce494c9c,12,Yes
2024-12-16,ce494c9c,13,No
2024-12-16,ce494c9c,14,Yes
2024-12-16,ce494c9c,15,Yes
2024-12-16,ce494c9c,16,No
2024-12-16,ce494c9c,17,No
2024-12-16,ce494c9c,18,Yes
2024-12-16,ce494c9c,19,No
2024-12-16,ce494c9c,20,No
2024-12-16,ce494c9c,21,No
2024-12-16,ce494c9c,22,No
2024-12-16,ce494c9c,23,No
2024-12-16,ce494c9c,24,No
2024-12-16,ce494c9c,25,Yes
2024-12-16,ce494c9c,26,No
2024-12-16,ce494c9c,27,No
2024-12-16,ce494c9c,28,No
2024-12-16,ce494c9c,29,No
2024-12-16,ce494c9c,30,No
2024-12-16,ce494c9c,31,No
2024-12-16,ce494c9c,32,No
2024-12-16,ce494c9c,33,No
2024-12-16,ce494c9c,34,No
2024-12-16,ce494c9c,35,No
2024-12-16,ce494c9c,36,No
2024-12-16,ce494c9c,37,No
2024-12-16,ce494c9c,38,No
2024-12-16,ce494c9c,39,Yes
2024-12-16,ce494c9c,40,Yes
2024-12-16,ce494c9c,41,Yes
2024-12-16,ce494c9c,42,No
2024-12-16,ce494c9c,43,Yes
2024-12-16,ce494c9c,44,No
2024-12-16,ce494c9c,45,No
2024-12-16,ce494c9c,46,Yes
2024-12-16,ce494c9c,47,No
2024-12-16,ce494c9c,48,No
2024-12-16,ce494c9c,49,Yes
2024-12-16,ce494c9c,50,No
2024-12-23,6d80f7fc,1,No
2024-12-23,6d80f7fc,2,No
2024-12-23,6d80f7fc,3,Yes
2024-12-23,6d80f7fc,4,Yes
2024-12-23,6d80f7fc,5,Yes
2024-12-23,6d80f7fc,6,Yes
2024-12-23,6d80f7fc,7,Yes
2024-12-23,6d80f7fc,8,Yes
2024-12-23,6d80f7fc,9,No
2024-12-23,6d80f7fc,10,Yes
2024-12-23,6d80f7fc,11,No
2024-12-23,6d80f7fc,12,Yes
2024-12-23,6d80f7fc,13,Yes
2024-12-23,6d80f7fc,14,No
2024-12-23,6d80f7fc,15,Yes
2024-12-23,6d80f7fc,16,No
2024-12-23,6d80f7fc,17,Yes
2024-12-23,6d80f7fc,18,No
2024-12-23,6d80f7fc,19,No
2024-12-23,6d80f7fc,20,No
2024-12-23,6d80f7fc,21,Yes
2024-12-23,6d80f7fc,22,No
2024-12-23,6d80f7fc,23,Yes
2024-12-23,6d80f7fc,24,Yes
2024-12-23,6d80f7fc,25,Yes
2024-12-23,6d80f7fc,26,No
2024-12-23,6d80f7fc,27,Yes
2024-12-23,6d80f7fc,28,No
2024-12-23,6d80f7fc,29,No
2024-12-23,6d80f7fc,30,No
2024-12-23,6d80f7fc,31,No
2024-12-23,6d80f7fc,32,No
2024-12-23,6d80f7fc,33,No
2024-12-23,6d80f7fc,34,No
2024-12-23,6d80f7fc,35,No
2024-12-23,6d80f7fc,36,No
2024-12-23,6d80f7fc,37,Yes
2024-12-23,6d80f7fc,38,Yes
2024-12-23,6d80f7fc,39,No
2024-12-23,6d80f7fc,40,No
2024-12-23,6d80f7fc,41,Yes
2024-12-23,6d80f7fc,42,No
2024-12-23,6d80f7fc,43,No
2024-12-23,6d80f7fc,44,No
2024-12-23,6d80f7fc,45,No
2024-12-23,6d80f7fc,46,No
2024-12-23,6d80f7fc,47,Yes
2024-12-23,6d80f7fc,48,Yes
2024-12-23,6d80f7fc,49,Yes
2024-12-23,6d80f7fc,50,No
